index,dpt_pseudotime,umap_1,umap_2,marco_expr,marco_status,cell_type
CAGATCACAATCGAAA-1-Pan_T7935487,0.22980733,13.647245,-1.2127345,1.4787673,MARCO+,Macrophage
GCGCAGTGTCAAAGCG-1-Pan_T7935487,0.24293393,10.51947,2.95863,0.0,MARCO-,Macrophage
GCTGCAGGTTAAGGGC-1-Pan_T7935487,0.2707212,9.930817,2.4025183,0.0,MARCO-,Macrophage
GGAATAAAGTGGGATC-1-Pan_T7935487,0.18526243,14.223283,4.3077993,0.0,MARCO-,LYVE1 Macrophage
GTCGGGTTCTTCCTTC-1-Pan_T7935487,0.20241988,13.127083,7.922079,0.0,MARCO-,Macrophage
TCGAGGCCACATTTCT-1-Pan_T7935487,0.24050228,9.7608,3.641406,0.0,MARCO-,Macrophage
CTAGCCTCAGGTCGTC-1-Pan_T7935488,0.24763235,8.846491,3.280577,0.0,MARCO-,cDC2
CTCATTACATCATCCC-1-Pan_T7935488,0.17580874,15.059775,7.810427,0.0,MARCO-,Macrophage
CTTAACTAGATGGCGT-1-Pan_T7935488,0.2743028,9.886026,2.550622,0.0,MARCO-,Macrophage
GAGGTGATCCCTTGTG-1-Pan_T7935488,0.2338824,13.825636,3.6544895,0.0,MARCO-,LYVE1 Macrophage
GCTGCTTTCTTCATGT-1-Pan_T7935488,0.24748671,8.866332,3.195155,0.0,MARCO-,cDC2
GGCGACTAGTTACCCA-1-Pan_T7935488,0.24573265,9.455973,3.4217422,0.0,MARCO-,Macrophage
TAGACCAAGGGTCTCC-1-Pan_T7935488,0.25175488,13.8516445,1.8007444,0.0,MARCO-,LYVE1 Macrophage
CAAGAAACACGAAACG-1-Pan_T7935489,0.2035249,14.031003,4.0514693,0.0,MARCO-,LYVE1 Macrophage
CGAACATAGCTCCCAG-1-Pan_T7935489,0.25706953,13.390874,2.7436943,1.3984157,MARCO+,LYVE1 Macrophage
CTACGTCGTTCAGCGC-1-Pan_T7935489,0.24493963,14.05777,2.866474,1.0296837,MARCO+,LYVE1 Macrophage
GCACTCTGTTACAGAA-1-Pan_T7935489,0.27143154,9.573627,2.4756644,0.0,MARCO-,Macrophage
GCTTCCACATGTTGAC-1-Pan_T7935489,0.21573368,13.78072,3.8297107,2.3915558,MARCO+,LYVE1 Macrophage
GTAGTCATCTGGAGCC-1-Pan_T7935489,0.036301468,12.84978,13.466995,1.5648899,MARCO+,Monocyte
TATCTCAAGGGTATCG-1-Pan_T7935489,0.25440484,13.601768,3.1043012,0.8278214,MARCO+,LYVE1 Macrophage
TCGAGGCAGTGGTAGC-1-Pan_T7935489,0.25165635,9.108428,3.1721199,0.0,MARCO-,Macrophage
TGACAACGTCTCTCTG-1-Pan_T7935489,0.25339493,13.265375,3.1035023,1.1834186,MARCO+,LYVE1 Macrophage
TTAGGCAGTGTTCGAT-1-Pan_T7935489,0.24649051,13.503492,3.3245625,3.452886,MARCO+,LYVE1 Macrophage
AAGGCAGAGCCTTGAT-1-Pan_T7935494,0.27049166,10.810928,2.0015755,0.0,MARCO-,Macrophage
ACGGGTCTCGTCTGCT-1-Pan_T7935494,0.2622468,10.081506,2.893265,0.0,MARCO-,Macrophage
AGCTCTCAGTGGTAGC-1-Pan_T7935494,0.24924819,10.07875,3.1924098,0.0,MARCO-,Macrophage
AGCTCTCCAGCTGTTA-1-Pan_T7935494,0.24516487,10.287947,3.2878075,2.288222,MARCO+,Macrophage
ATGTGTGAGACTTGAA-1-Pan_T7935494,0.2413258,9.922437,3.4345057,0.0,MARCO-,Macrophage
CAAGGCCTCGCCGTGA-1-Pan_T7935494,0.24536332,9.124472,3.6202717,0.0,MARCO-,cDC2
CCAGCGACAGCCTGTG-1-Pan_T7935494,0.23071745,8.541351,5.198559,0.0,MARCO-,cDC2
CCCAATCGTCAGTGGA-1-Pan_T7935494,0.27147204,10.340474,2.5171304,0.0,MARCO-,Macrophage
CCTACCAAGGAATCGC-1-Pan_T7935494,0.21908133,15.496864,0.6361273,3.5160513,MARCO+,LYVE1 Macrophage
CCTTCGATCCCTAATT-1-Pan_T7935494,0.2290536,8.680423,5.045203,0.0,MARCO-,LYVE1 Macrophage
CGCTGGATCTATCCCG-1-Pan_T7935494,0.24085313,8.853208,4.1718726,0.0,MARCO-,cDC1
CTTACCGTCCGGGTGT-1-Pan_T7935494,0.24541584,9.773287,3.4119768,0.0,MARCO-,Macrophage
GAACGGACACGTTGGC-1-Pan_T7935494,0.24538724,8.718729,3.4776688,0.0,MARCO-,cDC2
GATGAAACAGTAAGCG-1-Pan_T7935494,0.23932685,9.618184,3.71387,0.0,MARCO-,LYVE1 Macrophage
GGCGACTTCAGATAAG-1-Pan_T7935494,0.27302772,10.996016,2.3992584,0.0,MARCO-,Macrophage
GGGTCTGGTTACTGAC-1-Pan_T7935494,0.24772903,8.769079,3.3831697,0.0,MARCO-,cDC2
GTACTCCTCTACCAGA-1-Pan_T7935494,0.25486177,10.217574,3.317965,0.0,MARCO-,Macrophage
GTAGGCCCAGCGATCC-1-Pan_T7935494,0.24732022,10.142796,3.3291473,0.0,MARCO-,Macrophage
GTTCTCGAGAGACTAT-1-Pan_T7935494,0.27249062,10.039429,2.601556,0.0,MARCO-,Macrophage
TACCTTAGTCTAGTGT-1-Pan_T7935494,0.2478653,8.947227,3.5749688,0.0,MARCO-,cDC1
TGGGCGTTCTAACTTC-1-Pan_T7935494,0.24962565,9.76499,3.013406,2.8065128,MARCO+,Macrophage
TTCTACATCTTATCTG-1-Pan_T7935494,0.25669307,12.104032,2.7103338,0.0,MARCO-,LYVE1 Macrophage
ACATCAGAGACACGAC-1-4861STDY7208411,0.053137686,10.412915,12.031071,0.94003165,MARCO+,Macrophage
CATTCGCCAGCTGCTG-1-4861STDY7208411,0.04208523,11.311453,11.861696,0.0,MARCO-,Macrophage
CTTAACTAGTTACGGG-1-4861STDY7208411,0.013888094,12.473693,13.953466,1.2377887,MARCO+,Monocyte
GACGCGTAGAATTCCC-1-4861STDY7208411,0.04429921,10.191567,13.170681,0.0,MARCO-,Macrophage
GAGGTGATCGGCGGTT-1-4861STDY7208411,0.0,12.102665,13.909753,0.0,MARCO-,Monocyte
GCACATAGTTAAGACA-1-4861STDY7208411,0.027070789,13.001371,12.446625,0.0,MARCO-,Monocyte
GTCACAATCATCACCC-1-4861STDY7208411,0.08501131,11.532423,10.641026,0.0,MARCO-,Macrophage
AAACGGGCAGCTGTGC-1-4861STDY7208413,1.0,3.9894502,6.5712147,0.0,MARCO-,pDC
ATGCGATGTATATGGA-1-4861STDY7208413,0.9562902,4.447996,6.430178,0.0,MARCO-,pDC
CACACTCTCTTAACCT-1-4861STDY7208413,0.95843,4.322896,6.442258,0.0,MARCO-,pDC
CATGGCGGTAACGTTC-1-4861STDY7208413,0.23459472,8.024381,5.664041,0.0,MARCO-,cDC1
CTCGTCACATGCAATC-1-4861STDY7208413,0.04015493,12.064745,12.019816,0.0,MARCO-,Macrophage
GATTCAGAGAGGTTAT-1-4861STDY7208413,0.9849596,4.274569,6.6433363,0.0,MARCO-,pDC
GCGGGTTGTGTGCCTG-1-4861STDY7208413,0.944999,4.242638,6.3771167,0.0,MARCO-,pDC
AAAGATGCAATCCGAT-1-4861STDY7208410,0.024919461,10.548779,13.856842,0.0,MARCO-,Macrophage
AACCATGAGACTTGAA-1-4861STDY7208410,0.03716654,11.524686,12.205751,0.0,MARCO-,Macrophage
AGCTCTCAGTCGTTTG-1-4861STDY7208410,0.009154217,11.749833,13.699841,1.5159314,MARCO+,Monocyte
AGTGTCAAGCTATGCT-1-4861STDY7208410,0.01743311,11.955094,12.709721,0.9440428,MARCO+,Monocyte
ATGTGTGGTGACGCCT-1-4861STDY7208410,0.072644934,10.930336,11.264736,0.0,MARCO-,Macrophage
CACCTTGAGAGCTGGT-1-4861STDY7208410,0.0054651755,12.198736,12.757885,1.5339303,MARCO+,Monocyte
CCCAGTTTCCTCAACC-1-4861STDY7208410,0.17205694,13.708685,8.438779,0.0,MARCO-,Macrophage
CTACACCAGTACATGA-1-4861STDY7208410,0.021692036,11.492425,13.054404,1.4648857,MARCO+,Monocyte
CTCGTACAGGGTTTCT-1-4861STDY7208410,0.015591908,11.335854,12.743858,0.0,MARCO-,Macrophage
AAGACCTGTGCACGAA-1-4861STDY7208414,0.1204899,10.810348,10.003048,0.0,MARCO-,Macrophage
CAGCTAACACACTGCG-1-4861STDY7208414,0.16204196,10.965303,8.275461,0.0,MARCO-,cDC2
CCTATTACACCAGATT-1-4861STDY7208414,0.03963878,10.625411,12.546805,0.0,MARCO-,Macrophage
CTTAACTGTGATAAAC-1-4861STDY7208414,0.024866989,10.720419,12.940366,1.1181887,MARCO+,Macrophage
TGGCCAGCAAGAGGCT-1-4861STDY7208414,0.003435442,11.533332,13.697329,0.78411895,MARCO+,Monocyte
ACCCACTGTCTAGCCG-1-4861STDY7208415,0.18240014,9.70108,7.4804325,0.0,MARCO-,cDC2
ATGCGATTCGTTACGA-1-4861STDY7208415,0.050618466,9.815538,13.031339,1.1697649,MARCO+,Macrophage
CAGAGAGAGCACACAG-1-4861STDY7208415,0.019416517,13.250758,14.052914,0.0,MARCO-,Monocyte
CATTATCCACCGCTAG-1-4861STDY7208415,0.17303948,13.175833,8.655169,0.0,MARCO-,Macrophage
CGGAGTCCATCTGGTA-1-4861STDY7208415,0.047952596,9.709269,13.392002,1.3388156,MARCO+,Macrophage
CGGTTAATCGGCGCTA-1-4861STDY7208415,0.04661215,10.192882,12.83074,0.0,MARCO-,Macrophage
GAACATCCAATGACCT-1-4861STDY7208415,0.27658075,8.8322935,6.1951146,0.0,MARCO-,cDC2
GAGTCCGGTGCAGGTA-1-4861STDY7208415,0.121464044,14.355678,8.15996,0.0,MARCO-,Macrophage
GTTTCTATCGCAAACT-1-4861STDY7208415,0.055182617,9.83335,12.701857,0.0,MARCO-,Macrophage
TATGCCCCAGTCGATT-1-4861STDY7208415,0.06067036,9.609044,12.894624,0.0,MARCO-,Macrophage
ACATACGTCGGAAACG-1-4861STDY7208416,0.05050051,11.981421,12.024419,0.83729124,MARCO+,Monocyte
ACGAGGAGTATCTGCA-1-4861STDY7208416,0.16650435,9.618083,9.071496,0.0,MARCO-,cDC2
ACGATACTCTGCTGTC-1-4861STDY7208416,0.09937998,11.605699,10.803967,0.0,MARCO-,LYVE1 Macrophage
ACGATGTGTAGGGACT-1-4861STDY7208416,0.015486524,12.413837,13.70439,0.0,MARCO-,Monocyte
ACTGTCCGTACAGTTC-1-4861STDY7208416,0.019654484,11.262604,12.279734,0.0,MARCO-,Macrophage
AGTAGTCGTCCAGTGC-1-4861STDY7208416,0.028335206,12.722448,13.15947,0.0,MARCO-,Monocyte
ATTCTACGTGTGACCC-1-4861STDY7208416,0.025596406,11.764196,13.150891,0.0,MARCO-,Monocyte
CACAAACTCAACCATG-1-4861STDY7208416,0.032951083,10.649993,13.566434,0.0,MARCO-,Macrophage
CACAGTAAGAGTCGGT-1-4861STDY7208416,0.08035775,11.50102,11.23169,0.0,MARCO-,Macrophage
CACCACTGTACGACCC-1-4861STDY7208416,0.0087379245,12.059525,12.976163,0.0,MARCO-,Monocyte
CAGCTGGTCCCACTTG-1-4861STDY7208416,0.009834091,11.938344,12.684189,1.0396241,MARCO+,Macrophage
CAGTAACAGTCGCCGT-1-4861STDY7208416,0.015577663,12.787339,14.350996,0.0,MARCO-,Monocyte
CCGGGATTCCAAACTG-1-4861STDY7208416,0.028880132,11.964508,11.865637,0.0,MARCO-,Monocyte
CCGGTAGGTTGGTGGA-1-4861STDY7208416,0.038034804,10.320504,13.136916,0.0,MARCO-,Macrophage
CGCTATCTCCTGCAGG-1-4861STDY7208416,0.029070728,12.564327,13.32214,0.0,MARCO-,Monocyte
CGCTGGAGTAGCCTCG-1-4861STDY7208416,0.027229387,13.182819,13.185937,0.0,MARCO-,Monocyte
CGGCTAGTCTGAGTGT-1-4861STDY7208416,0.023662157,10.915073,12.978988,0.0,MARCO-,Macrophage
CGTTCTGAGGCAGGTT-1-4861STDY7208416,0.02274234,12.045205,13.467258,1.9842411,MARCO+,Monocyte
CTACATTGTGTGGCTC-1-4861STDY7208416,0.06466818,10.623484,11.466368,0.0,MARCO-,Macrophage
CTCGAGGAGCGATTCT-1-4861STDY7208416,0.16819167,11.858814,8.582085,0.0,MARCO-,cDC2
CTCTGGTCAAGCTGAG-1-4861STDY7208416,0.15877998,11.633153,8.9970875,0.0,MARCO-,Macrophage
CTGCTGTTCTATCGCC-1-4861STDY7208416,0.1836948,12.9163885,5.7112064,0.0,MARCO-,cycling DCs
CTGTGCTTCCCAAGTA-1-4861STDY7208416,0.051031455,11.084881,11.576412,0.0,MARCO-,Macrophage
GAATAAGCACGGCGTT-1-4861STDY7208416,0.030497001,12.156184,13.316786,0.0,MARCO-,Monocyte
GACGGCTAGCTAGCCC-1-4861STDY7208416,0.0683718,10.775295,12.890352,1.6604478,MARCO+,LYVE1 Macrophage
GCAGCCACATCGGGTC-1-4861STDY7208416,0.008029631,11.585513,13.291364,0.75442094,MARCO+,Monocyte
GCATGCGCACTGCCAG-1-4861STDY7208416,0.015448214,11.554679,12.506466,1.283315,MARCO+,Macrophage
GCGACCAGTGATGTCT-1-4861STDY7208416,0.00590435,11.962736,13.219973,2.0137556,MARCO+,Macrophage
GCGCAACTCTATCCTA-1-4861STDY7208416,0.16592261,11.34338,8.400405,0.0,MARCO-,cDC2
GCGCAGTTCTTGACGA-1-4861STDY7208416,0.16511625,12.330297,9.087475,0.0,MARCO-,Macrophage
GCTCTGTCAATGGATA-1-4861STDY7208416,0.033878427,10.41571,12.786792,0.0,MARCO-,Macrophage
GGCGACTCAAACTGTC-1-4861STDY7208416,0.013070865,12.409871,14.153138,1.3084714,MARCO+,Monocyte
GGTGAAGAGCCAGAAC-1-4861STDY7208416,0.0058519742,11.747977,13.953703,0.8173726,MARCO+,Monocyte
GTCTTCGGTGCACGAA-1-4861STDY7208416,0.055681985,12.641107,12.401131,0.0,MARCO-,Monocyte
GTTAAGCCACGTCAGC-1-4861STDY7208416,0.032391347,10.292681,13.59281,2.3006525,MARCO+,Macrophage
TAAACCGAGTTGAGAT-1-4861STDY7208416,0.04521781,10.301283,11.980445,0.0,MARCO-,Macrophage
TAGTGGTGTGAGGGTT-1-4861STDY7208416,0.04500036,10.630253,11.958291,0.0,MARCO-,Macrophage
TATCAGGAGTGGTAGC-1-4861STDY7208416,0.03901674,12.791726,13.070697,0.0,MARCO-,Monocyte
TCACAAGAGGTGCTTT-1-4861STDY7208416,0.008343211,12.093728,13.723198,0.0,MARCO-,Monocyte
TCACGAAAGATGTGTA-1-4861STDY7208416,0.026330581,11.651561,12.567816,0.0,MARCO-,Monocyte
TGACAACTCTGCGTAA-1-4861STDY7208416,0.058872722,11.39601,11.555815,0.0,MARCO-,Macrophage
TGAGGGAAGTCTTGCA-1-4861STDY7208416,0.0054943184,11.807958,13.881903,0.0,MARCO-,Monocyte
TGCTGCTGTGCTTCTC-1-4861STDY7208416,0.011579096,12.029848,12.914681,0.0,MARCO-,Macrophage
TGGGCGTTCTGGTGTA-1-4861STDY7208416,0.026149157,10.790122,12.896977,0.0,MARCO-,Macrophage
TTAGGACGTAAGGGAA-1-4861STDY7208416,0.012137258,12.345383,14.156592,0.0,MARCO-,Monocyte
TTCTACATCGTATCAG-1-4861STDY7208416,0.06213438,11.255075,11.264389,0.0,MARCO-,Macrophage
TTGCGTCCATAGACTC-1-4861STDY7208416,0.014737288,11.554271,12.954373,0.0,MARCO-,Monocyte
TTTACTGGTCTGGAGA-1-4861STDY7208416,0.0465148,10.517819,11.907875,0.0,MARCO-,Macrophage
AAAGTAGCAAAGGCGT-1-4861STDY7208417,0.020481635,12.497263,12.092191,1.391681,MARCO+,Monocyte
AAAGTAGCAGTCAGCC-1-4861STDY7208417,0.00784644,11.459034,13.838312,0.0,MARCO-,Macrophage
AAGGTTCTCGCCAAAT-1-4861STDY7208417,0.013547516,11.117079,14.09624,0.0,MARCO-,Monocyte
ACCTTTAAGCGTGAGT-1-4861STDY7208417,0.0439664,10.201797,12.418746,0.0,MARCO-,Macrophage
AGATCTGCAGCGTCCA-1-4861STDY7208417,0.03440226,11.043025,12.201473,0.0,MARCO-,Macrophage
AGCATACTCCTAGGGC-1-4861STDY7208417,0.02313712,13.544478,13.692797,0.0,MARCO-,Monocyte
AGCGTATCAATCAGAA-1-4861STDY7208417,0.0329387,10.210986,13.753004,1.9436849,MARCO+,Macrophage
AGGCCACAGCTGCCCA-1-4861STDY7208417,0.014042128,12.934696,14.4522705,0.0,MARCO-,Monocyte
ATCATGGGTCTTGTCC-1-4861STDY7208417,0.015140656,13.004026,12.751142,0.0,MARCO-,Monocyte
ATCCGAATCATAGCAC-1-4861STDY7208417,0.009800988,12.672677,14.025616,0.6336967,MARCO+,Monocyte
ATCGAGTAGAGGTTAT-1-4861STDY7208417,0.01685301,13.300549,13.755649,0.0,MARCO-,Monocyte
ATTACTCGTTGTGGAG-1-4861STDY7208417,0.16520251,11.660565,8.848906,0.0,MARCO-,Macrophage
CACAGTAGTAATCACC-1-4861STDY7208417,0.09422854,10.865328,10.60917,0.0,MARCO-,Macrophage
CACATAGTCTTAGAGC-1-4861STDY7208417,0.15304628,10.476829,8.096186,0.0,MARCO-,cDC2
CAGAATCGTCAGAGGT-1-4861STDY7208417,0.029224848,10.365629,13.7946825,1.1395619,MARCO+,Macrophage
CAGATCATCTCATTCA-1-4861STDY7208417,0.1399776,11.295796,8.429097,0.0,MARCO-,Macrophage
CAGCAGCCATCCGTGG-1-4861STDY7208417,0.020334197,13.618035,13.529273,0.0,MARCO-,Monocyte
CAGTAACAGTCACGCC-1-4861STDY7208417,0.038131695,12.165217,11.731427,0.0,MARCO-,Monocyte
CCACCTAAGTGTTTGC-1-4861STDY7208417,0.008108289,12.461338,12.736114,0.0,MARCO-,Monocyte
CCCTCCTAGTGAACGC-1-4861STDY7208417,0.0150301615,13.336265,13.126799,1.628919,MARCO+,Monocyte
CCTCTGATCTGAAAGA-1-4861STDY7208417,0.03830539,10.441419,12.7870455,0.0,MARCO-,Macrophage
CCTTTCTGTCGGCACT-1-4861STDY7208417,0.06084819,12.620422,11.733073,2.2596016,MARCO+,Monocyte
CGATCGGAGCCGTCGT-1-4861STDY7208417,0.02384114,12.34825,11.926299,0.0,MARCO-,Macrophage
CGATGTACATTCGACA-1-4861STDY7208417,0.24906053,7.526153,5.566726,0.0,MARCO-,cDC1
CGATGTAGTTTGTTGG-1-4861STDY7208417,0.06266416,11.755955,11.27835,0.0,MARCO-,Macrophage
CTAAGACCAAAGGTGC-1-4861STDY7208417,0.017650906,12.870622,12.584761,1.1459608,MARCO+,Monocyte
CTAATGGTCAAGATCC-1-4861STDY7208417,0.13963647,15.353145,8.124952,0.0,MARCO-,LYVE1 Macrophage
CTAGTGATCGCCGTGA-1-4861STDY7208417,0.17323668,9.680517,7.5915227,0.0,MARCO-,cDC2
CTCACACCAAACCTAC-1-4861STDY7208417,0.03524541,10.142022,13.469306,0.0,MARCO-,Macrophage
CTTAGGATCCGTACAA-1-4861STDY7208417,0.09544288,11.324661,10.52052,0.0,MARCO-,Macrophage
GAACATCGTAGCACGA-1-4861STDY7208417,0.014107772,12.822278,14.051487,0.0,MARCO-,Monocyte
GATCGCGGTCCTCCAT-1-4861STDY7208417,0.019390645,12.689259,12.216965,1.6475408,MARCO+,Monocyte
GCGACCAGTAAGTGTA-1-4861STDY7208417,0.041591786,10.073462,12.729494,0.9392718,MARCO+,Macrophage
GCTGCAGGTATATGAG-1-4861STDY7208417,0.02848658,10.52611,14.044294,1.4397343,MARCO+,Macrophage
GGGCATCTCTTAACCT-1-4861STDY7208417,0.020102214,13.076141,14.082473,0.9632584,MARCO+,Monocyte
GTGCTTCAGTCGATAA-1-4861STDY7208417,0.021002939,13.382911,13.780969,0.0,MARCO-,Monocyte
GTGGGTCTCCCAGGTG-1-4861STDY7208417,0.029084079,10.422227,14.044845,2.4188843,MARCO+,Macrophage
GTTTCTAGTTAAGATG-1-4861STDY7208417,0.045463808,11.574441,11.769487,0.0,MARCO-,Macrophage
TACTCGCAGTGGCACA-1-4861STDY7208417,0.0066056,12.301112,14.023449,0.0,MARCO-,Monocyte
TAGAGCTAGTTCGATC-1-4861STDY7208417,0.050454266,10.335091,11.880134,0.0,MARCO-,Macrophage
TAGTGGTTCGGCTTGG-1-4861STDY7208417,0.20238107,9.376003,7.0011816,0.0,MARCO-,cDC2
TAGTTGGAGAGGTACC-1-4861STDY7208417,0.0329631,10.143573,13.846162,0.0,MARCO-,Macrophage
TATCAGGTCCTTTCTC-1-4861STDY7208417,0.028923476,12.728781,12.022185,0.0,MARCO-,Monocyte
TCAGGATAGCGTGAAC-1-4861STDY7208417,0.04493304,10.435793,12.013319,0.0,MARCO-,Macrophage
TCATTACTCGGATGTT-1-4861STDY7208417,0.17256081,12.598134,8.627599,0.0,MARCO-,Macrophage
TGACAACTCCTGCTTG-1-4861STDY7208417,0.011571615,12.697769,14.3999815,0.0,MARCO-,Monocyte
TGCGCAGCAGGCGATA-1-4861STDY7208417,0.016967189,13.112893,14.260074,0.0,MARCO-,Monocyte
TGGCCAGTCCAACCAA-1-4861STDY7208417,0.17483588,13.674197,7.8849745,0.0,MARCO-,Macrophage
TTCGAAGCAAACGTGG-1-4861STDY7208417,0.02639157,13.144045,12.632738,0.0,MARCO-,Monocyte
TTCGGTCGTTAAGATG-1-4861STDY7208417,0.023262765,13.619526,13.523134,0.0,MARCO-,Monocyte
TTTCCTCCACCACCAG-1-4861STDY7208417,0.021927528,12.65674,12.343684,0.0,MARCO-,Monocyte
ACGCAGCTCTCGGACG-1-4861STDY7135911,0.02311379,12.262216,12.392594,0.0,MARCO-,Monocyte
ATTATCCAGTGACTCT-1-4861STDY7135911,0.1775475,14.229492,5.7547054,0.0,MARCO-,cycling DCs
CATCGAACATTGGTAC-1-4861STDY7135911,0.1760423,12.679622,6.2177467,0.0,MARCO-,Macrophage
GATCAGTCACAAGACG-1-4861STDY7135911,0.029367212,13.347524,11.511791,1.7135377,MARCO+,Monocyte
GCTTGAACACAGCCCA-1-4861STDY7135911,0.17710976,12.977428,8.40941,0.0,MARCO-,Macrophage
GGGACCTAGGAGCGTT-1-4861STDY7135911,0.16724387,11.934015,7.7107973,0.0,MARCO-,cDC2
AAAGCAAAGCGCTCCA-1-4861STDY7135912,0.17958285,10.64409,7.691957,0.0,MARCO-,cDC2
AAAGTAGAGAGGACGG-1-4861STDY7135912,0.15788677,13.219709,6.5003633,0.0,MARCO-,cycling DCs
AAGACCTCAGATGGCA-1-4861STDY7135912,0.17392357,13.629255,7.6624966,0.0,MARCO-,Macrophage
AAGGTTCCACACGCTG-1-4861STDY7135912,0.15023232,10.917218,7.979332,0.0,MARCO-,Macrophage
AATCCAGCATGTCGAT-1-4861STDY7135912,0.10448619,11.383538,10.206324,0.0,MARCO-,Macrophage
ACGATACAGATGTGTA-1-4861STDY7135912,0.029017527,14.036959,11.626686,1.4308729,MARCO+,Monocyte
ACGCCGAGTGCCTGGT-1-4861STDY7135912,0.10465938,10.418981,11.345262,0.0,MARCO-,Macrophage
ACTGAACTCGCTGATA-1-4861STDY7135912,0.17531994,9.716488,7.066901,0.0,MARCO-,cDC2
ACTGATGAGTGTTGAA-1-4861STDY7135912,0.10409685,12.361002,10.085536,0.8812964,MARCO+,Macrophage
AGATTGCCAGTAGAGC-1-4861STDY7135912,0.020720944,13.192384,12.480021,2.052301,MARCO+,Monocyte
AGCAGCCTCGCCAAAT-1-4861STDY7135912,0.035193037,13.810394,11.268194,1.2980238,MARCO+,Monocyte
AGCCTAAAGTTAGGTA-1-4861STDY7135912,0.17409986,10.06619,8.147246,0.0,MARCO-,cDC2
AGGTCATGTCTACCTC-1-4861STDY7135912,0.1852646,12.59475,5.3835506,0.0,MARCO-,cycling DCs
ATCATCTAGCTAGGCA-1-4861STDY7135912,0.16329855,14.08168,8.947607,2.6609356,MARCO+,LYVE1 Macrophage
ATCCACCAGCCTATGT-1-4861STDY7135912,0.16863811,14.386389,6.269826,0.0,MARCO-,cycling DCs
ATCCACCAGGGTGTTG-1-4861STDY7135912,0.2251132,8.137061,7.179886,0.0,MARCO-,cDC2
CACACCTCACCTCGGA-1-4861STDY7135912,0.13506512,14.853614,9.283095,3.7244742,MARCO+,Macrophage
CATCAAGAGCTCAACT-1-4861STDY7135912,0.14684851,14.972675,7.268078,0.0,MARCO-,Macrophage
CATTATCAGAGCCTAG-1-4861STDY7135912,0.14885569,10.033853,9.074911,0.0,MARCO-,cDC2
CCACCTAAGAACTCGG-1-4861STDY7135912,0.16213715,14.597283,8.881621,0.9602629,MARCO+,LYVE1 Macrophage
CCTACACTCGGCATCG-1-4861STDY7135912,0.16564815,12.639528,6.665233,0.3007815,MARCO+,cycling DCs
CCTCTGATCACGAAGG-1-4861STDY7135912,0.16844372,9.983458,7.142184,0.0,MARCO-,cDC2
CGAGCCACAGGACGTA-1-4861STDY7135912,0.26254344,7.2294836,6.3614388,0.0,MARCO-,cDC1
CGCGGTAAGTGGTCCC-1-4861STDY7135912,0.17553495,13.60377,6.2922616,0.0,MARCO-,cycling DCs
CGGAGTCGTCTCGTTC-1-4861STDY7135912,0.025282374,13.942602,11.747146,1.8202345,MARCO+,Monocyte
CGGGTCAAGCTAGTCT-1-4861STDY7135912,0.26765427,7.1500707,6.2920446,0.0,MARCO-,cDC1
CTCAGAAAGGCTCAGA-1-4861STDY7135912,0.16499734,10.540391,8.298088,0.0,MARCO-,cDC2
CTGCTGTAGGAGCGTT-1-4861STDY7135912,0.03285264,13.687227,11.326262,0.0,MARCO-,Monocyte
GACACGCAGTCATGCT-1-4861STDY7135912,0.13767402,14.2380495,5.943161,1.9483876,MARCO+,cycling DCs
GACCAATGTAGCCTAT-1-4861STDY7135912,0.04248162,13.691117,11.425394,0.77901053,MARCO+,Monocyte
GATCGCGCACGCTTTC-1-4861STDY7135912,0.04243322,13.9555025,11.20328,1.6186208,MARCO+,Macrophage
GCCAAATGTTGTCTTT-1-4861STDY7135912,0.05020116,14.046946,10.964226,0.0,MARCO-,Macrophage
GCGAGAATCTAACCGA-1-4861STDY7135912,0.1590065,10.490476,7.062611,0.0,MARCO-,cDC2
GCTTGAAGTTGGTGGA-1-4861STDY7135912,0.061977148,13.66419,10.764654,0.0,MARCO-,Macrophage
GGAGCAAGTGTATGGG-1-4861STDY7135912,0.023407394,13.704576,11.953902,2.0466537,MARCO+,Monocyte
GGGAGATTCTTAGCCC-1-4861STDY7135912,0.115481146,11.061312,9.984191,0.0,MARCO-,Macrophage
GTACTTTAGCAGGTCA-1-4861STDY7135912,0.13851587,15.142977,8.391875,0.7021163,MARCO+,Macrophage
GTACTTTTCAAAGTAG-1-4861STDY7135912,0.025526272,13.843119,11.824825,1.4471484,MARCO+,Monocyte
GTAGGCCAGCAGACTG-1-4861STDY7135912,0.16852205,11.824335,7.632046,0.0,MARCO-,cycling DCs
GTGCATATCTGGTGTA-1-4861STDY7135912,0.12100743,14.973022,9.260873,2.0371718,MARCO+,Macrophage
TCATTACTCGTTACAG-1-4861STDY7135912,0.2501318,7.5456557,5.9364758,0.0,MARCO-,cDC1
TCGAGGCAGCCAGTTT-1-4861STDY7135912,0.53574455,8.342543,6.4853497,0.0,MARCO-,cDC2
TCGCGAGGTTGCTCCT-1-4861STDY7135912,0.097586155,10.393048,10.306044,0.0,MARCO-,Macrophage
TGAGGGAGTTCCGGCA-1-4861STDY7135912,0.17795959,14.189635,6.0782256,0.0,MARCO-,cycling DCs
TGCACCTTCGTCTGCT-1-4861STDY7135912,0.16939563,14.254371,5.853443,0.0,MARCO-,cycling DCs
TGCCCTAAGGGCTTGA-1-4861STDY7135912,0.2224485,9.181268,6.4552217,0.0,MARCO-,cDC2
TGCCCTAAGTTCGCAT-1-4861STDY7135912,0.020348929,12.769922,13.141473,0.0,MARCO-,Monocyte
TGGGAAGTCAGTCCCT-1-4861STDY7135912,0.05405193,14.127322,10.780354,0.6855839,MARCO+,Macrophage
TTAGGACAGAGCTGCA-1-4861STDY7135912,0.25746992,7.1055813,6.1966786,0.0,MARCO-,cDC1
TTCGAAGAGTTAGCGG-1-4861STDY7135912,0.034280203,13.165074,11.123374,0.0,MARCO-,Monocyte
TTCGGTCCAGATGAGC-1-4861STDY7135912,0.26057592,7.407502,5.8324113,0.0,MARCO-,cDC1
TTCTTAGGTGACCAAG-1-4861STDY7135912,0.18262643,10.23082,7.7558265,0.0,MARCO-,cDC2
TTGGAACGTAGAAAGG-1-4861STDY7135912,0.16306244,14.779764,7.314643,0.0,MARCO-,Macrophage
TTGGCAACATGAGCGA-1-4861STDY7135912,0.22389922,8.451918,8.264429,0.0,MARCO-,cDC2
TTTATGCAGACTAGAT-1-4861STDY7135912,0.16525774,15.321135,7.537609,0.0,MARCO-,Macrophage
TTTATGCTCCCTTGTG-1-4861STDY7135912,0.08307824,12.229964,10.361989,0.0,MARCO-,Macrophage
ACGATACAGGGTCTCC-1-4861STDY7135913,0.22159126,10.331974,3.8547463,0.0,MARCO-,Macrophage
AACGTTGTCCTCATTA-1-4861STDY7135914,0.22273935,9.06735,4.2889524,0.0,MARCO-,cycling DCs
ACACCAATCTTGCATT-1-4861STDY7135914,0.20298353,10.362495,4.1341515,0.0,MARCO-,Macrophage
ACACTGATCGGCTTGG-1-4861STDY7135914,0.96659446,4.0022154,6.533151,0.0,MARCO-,pDC
ACGGAGACACAGCCCA-1-4861STDY7135914,0.22288938,8.598441,5.615549,0.0,MARCO-,cDC2
AGGGAGTGTCGCATAT-1-4861STDY7135914,0.17724054,9.052228,6.352316,0.0,MARCO-,cDC2
CAACTAGAGAGTAATC-1-4861STDY7135914,0.23349254,8.969287,4.124394,0.0,MARCO-,Macrophage
CACAGGCAGGTGCAAC-1-4861STDY7135914,0.22800797,8.655782,5.888696,0.0,MARCO-,cDC2
CACATTTGTCTCTCTG-1-4861STDY7135914,0.23888993,8.433803,4.2950144,0.0,MARCO-,cDC1
CATGGCGAGCGTAGTG-1-4861STDY7135914,0.97134477,4.425178,6.6889663,0.0,MARCO-,pDC
CCACGGAGTCGAGTTT-1-4861STDY7135914,0.96578735,4.116287,6.682426,0.0,MARCO-,pDC
CCTTCGAAGATTACCC-1-4861STDY7135914,0.23488082,8.597638,5.8823147,0.0,MARCO-,cDC2
CGAGCCACACAGATTC-1-4861STDY7135914,0.23682842,8.777122,4.3718014,0.0,MARCO-,cDC2
CGATTGAAGGTGATTA-1-4861STDY7135914,0.24059123,9.889887,3.7443745,0.0,MARCO-,Macrophage
CTCACACCAAGTTGTC-1-4861STDY7135914,0.94602674,4.4431806,6.271587,0.0,MARCO-,pDC
GAATAAGAGCGATAGC-1-4861STDY7135914,0.2303033,8.433406,6.027738,0.0,MARCO-,cDC2
GCACATAGTCCAGTTA-1-4861STDY7135914,0.9162819,4.3902144,6.5940886,0.0,MARCO-,pDC
TAGGCATCAACCGCCA-1-4861STDY7135914,0.9141136,4.355058,6.662279,0.0,MARCO-,pDC
TAGGCATCAGATCTGT-1-4861STDY7135914,0.9624844,4.130191,6.308145,0.0,MARCO-,pDC
TGTATTCCATAGACTC-1-4861STDY7135914,0.24214107,8.67315,4.161329,0.0,MARCO-,cDC1
AACTGGTAGGCTATCT-1-4861STDY7135915,0.020842468,13.035547,13.68537,0.0,MARCO-,Monocyte
ACGAGGACATCAGTCA-1-4861STDY7135915,0.17505856,13.973978,8.005522,0.0,MARCO-,Macrophage
CCTAAAGGTGTATGGG-1-4861STDY7135915,0.16944042,14.562987,8.262388,0.0,MARCO-,Macrophage
GCAGCCATCGACCAGC-1-4861STDY7135915,0.1621102,14.856834,8.6724,0.0,MARCO-,LYVE1 Macrophage
TCTCATATCTCGTATT-1-4861STDY7135915,0.19398709,10.827478,6.2040863,0.0,MARCO-,cDC2
AACCGCGCACGCCAGT-1-4861STDY7135916,0.17249975,10.273148,7.3908215,0.0,MARCO-,cDC2
AACGTTGTCTTCGAGA-1-4861STDY7135916,0.1668037,12.877103,7.8709545,0.0,MARCO-,Macrophage
AAGACCTCAGGATCGA-1-4861STDY7135916,0.17171693,13.250129,8.354782,0.0,MARCO-,Macrophage
ACGCAGCGTAGCGTCC-1-4861STDY7135916,0.17635307,10.453343,8.003957,0.0,MARCO-,cDC2
ACTGAGTAGGAACTGC-1-4861STDY7135916,0.16315798,14.533885,8.008033,0.4831398,MARCO+,Macrophage
AGACGTTTCTGTACGA-1-4861STDY7135916,0.17645265,13.072822,8.175595,0.0,MARCO-,Macrophage
AGTGAGGGTAGAGGAA-1-4861STDY7135916,0.16813463,12.664554,7.916082,0.0,MARCO-,Macrophage
ATCTGCCAGAGTGACC-1-4861STDY7135916,0.1658449,14.799445,6.5349107,0.0,MARCO-,cycling DCs
CACACTCGTCCGAAGA-1-4861STDY7135916,0.18178181,13.189589,5.730306,0.0,MARCO-,cycling DCs
CACATAGTCGTACCGG-1-4861STDY7135916,0.17269045,12.513616,7.834773,0.0,MARCO-,Macrophage
CATCCACCAACTGCTA-1-4861STDY7135916,0.16401513,14.157778,7.678744,0.0,MARCO-,Macrophage
CCACGGACAATAACGA-1-4861STDY7135916,0.03681072,13.407591,11.266815,0.0,MARCO-,Monocyte
CCATGTCTCAAACAAG-1-4861STDY7135916,0.17001902,11.970979,7.2777286,0.0,MARCO-,cDC2
CCTAAAGTCTATCCCG-1-4861STDY7135916,0.07499879,11.867787,10.747907,0.63171023,MARCO+,LYVE1 Macrophage
CCTATTAAGTAATCCC-1-4861STDY7135916,0.18060173,10.322401,7.0619864,0.0,MARCO-,cDC2
CCTATTAGTGTTGAGG-1-4861STDY7135916,0.17252702,12.383919,7.6171017,0.0,MARCO-,Macrophage
CCTCTGACACGAAACG-1-4861STDY7135916,0.1731313,12.656595,8.372123,0.0,MARCO-,Macrophage
CGGACTGGTTAAGATG-1-4861STDY7135916,0.030927364,12.926551,12.29631,0.0,MARCO-,Monocyte
CGGAGCTTCCTTGACC-1-4861STDY7135916,0.17130242,12.244321,7.61947,0.0,MARCO-,Macrophage
CGTCCATAGCTGAACG-1-4861STDY7135916,0.17972247,10.186343,6.4313326,0.0,MARCO-,cDC2
CTCACACGTTTGACTG-1-4861STDY7135916,0.17958657,10.389637,7.1005,0.0,MARCO-,cDC2
CTGGTCTAGAGGACGG-1-4861STDY7135916,0.24299063,7.3983483,6.015455,0.0,MARCO-,cDC1
CTTACCGTCGAATGGG-1-4861STDY7135916,0.12926413,11.223567,9.478625,0.0,MARCO-,cDC2
GAATAAGTCTCCAACC-1-4861STDY7135916,0.25674587,9.037357,6.5341377,0.0,MARCO-,cDC2
GACACGCCAAGCTGTT-1-4861STDY7135916,0.20316352,9.799399,6.4931874,0.0,MARCO-,cDC2
GATCAGTGTTCGCTAA-1-4861STDY7135916,0.1762665,12.560159,7.4035487,0.0,MARCO-,Macrophage
GATCGTAAGGACTGGT-1-4861STDY7135916,0.17635518,13.90574,5.407463,0.0,MARCO-,cycling DCs
GATTCAGCAAGTCTAC-1-4861STDY7135916,0.17051208,12.140245,7.168894,0.0,MARCO-,cDC2
GCAATCACACTGTGTA-1-4861STDY7135916,0.266158,7.0865088,6.6312857,0.0,MARCO-,cDC1
GCTTCCAAGGACATTA-1-4861STDY7135916,0.17125626,12.417993,7.2136035,0.0,MARCO-,cDC2
GCTTGAAAGGGAGTAA-1-4861STDY7135916,0.18041523,10.852144,7.6707993,0.0,MARCO-,cDC2
GGGACCTCAAGTCTGT-1-4861STDY7135916,0.17220671,12.732641,7.3641768,0.0,MARCO-,Macrophage
GGTGTTACAAGGCTCC-1-4861STDY7135916,0.15885471,14.267911,7.8575077,0.0,MARCO-,Macrophage
GTAACGTTCACATAGC-1-4861STDY7135916,0.16182715,14.851466,8.937015,2.0811715,MARCO+,LYVE1 Macrophage
GTCAAGTCACAAGACG-1-4861STDY7135916,0.17831776,10.110701,6.699295,0.0,MARCO-,cDC2
GTCTTCGGTAGGGTAC-1-4861STDY7135916,0.17560035,12.872922,8.276123,0.0,MARCO-,Macrophage
GTTTCTATCTTGCATT-1-4861STDY7135916,0.17233172,12.142109,6.6536417,0.0,MARCO-,cycling DCs
TACTTACCAGTGACAG-1-4861STDY7135916,0.17124847,13.057846,7.66649,0.0,MARCO-,Macrophage
TACTTACTCGGGAGTA-1-4861STDY7135916,0.17355987,13.297563,7.230515,0.0,MARCO-,Macrophage
TATCAGGAGGTGTGGT-1-4861STDY7135916,0.16926146,14.129849,8.060204,0.0,MARCO-,Macrophage
TATCAGGTCCGCATCT-1-4861STDY7135916,0.18015978,9.743331,7.8013463,0.0,MARCO-,cDC2
TCAGGTATCAGAGCTT-1-4861STDY7135916,0.18174215,10.396833,7.509196,0.0,MARCO-,cDC2
TCCACACGTTGTACAC-1-4861STDY7135916,0.18436313,12.970722,5.347195,0.0,MARCO-,cycling DCs
TCGGTAAAGGCTCTTA-1-4861STDY7135916,0.17739494,13.8959465,6.2129316,0.0,MARCO-,cycling DCs
TCTCTAAAGCTGCCCA-1-4861STDY7135916,0.17814744,13.063247,8.482217,0.0,MARCO-,Macrophage
TCTGGAACAATTGCTG-1-4861STDY7135916,0.18264359,10.1398735,7.0655317,0.0,MARCO-,cDC2
TGACAACCACGGCGTT-1-4861STDY7135916,0.16820742,13.647549,7.6405606,0.0,MARCO-,Macrophage
TGACGGCGTAGCGCTC-1-4861STDY7135916,0.16797675,14.750655,7.635518,0.0,MARCO-,Macrophage
TGACTTTTCTTGTTTG-1-4861STDY7135916,0.16257358,14.692319,8.708639,0.0,MARCO-,LYVE1 Macrophage
TGATTTCAGGGCACTA-1-4861STDY7135916,0.17790157,10.35664,7.4094114,0.0,MARCO-,cDC2
TGGTTAGTCCTGCCAT-1-4861STDY7135916,0.2656076,7.0762157,6.0829506,0.0,MARCO-,cDC1
TGTCCCAAGCGCTTAT-1-4861STDY7135916,0.15488382,14.487254,8.339769,0.0,MARCO-,Macrophage
TTAACTCTCAAGAAGT-1-4861STDY7135916,0.1602693,14.543948,8.989013,0.0,MARCO-,LYVE1 Macrophage
TTTCCTCCAGTCTTCC-1-4861STDY7135916,0.17305736,11.226681,7.5367684,0.0,MARCO-,cDC2
AACTGGTTCATCTGTT-1-4861STDY7135917,0.16680393,14.9134445,8.247515,0.0,MARCO-,Macrophage
ACACCAATCCGAATGT-1-4861STDY7135917,0.1716174,13.777594,7.894125,0.0,MARCO-,Macrophage
ACATGGTGTTATCACG-1-4861STDY7135917,0.17140661,11.884804,7.510134,0.0,MARCO-,Macrophage
AGCTCTCAGACAGACC-1-4861STDY7135917,0.1583856,15.090423,7.267916,0.0,MARCO-,Macrophage
CAAGGCCAGCTGAACG-1-4861STDY7135917,0.17278683,14.048446,7.3425674,0.0,MARCO-,LYVE1 Macrophage
CAGTCCTTCCTTGACC-1-4861STDY7135917,0.17302075,12.39536,7.6864195,0.0,MARCO-,Macrophage
CATGACAGTGAAAGAG-1-4861STDY7135917,0.16555156,13.854056,6.834833,0.0,MARCO-,Macrophage
CCCTCCTCATTCGACA-1-4861STDY7135917,0.13022055,13.879485,7.205767,0.0,MARCO-,Macrophage
CCTTCGATCGTAGGAG-1-4861STDY7135917,0.18128593,13.545243,7.6036186,0.0,MARCO-,Macrophage
CTGGTCTGTCCGTGAC-1-4861STDY7135917,0.18758407,12.873144,5.33349,0.0,MARCO-,cycling DCs
CTTAGGAAGGGATACC-1-4861STDY7135917,0.18009415,11.633218,6.1930146,0.0,MARCO-,cycling DCs
GACGTTACATGTTGAC-1-4861STDY7135917,0.18068634,9.705708,6.785302,0.0,MARCO-,cDC2
GCACATAGTAGGAGTC-1-4861STDY7135917,0.17293397,11.528822,7.08247,0.0,MARCO-,cDC2
GTATCTTAGAAACGAG-1-4861STDY7135917,0.18292995,13.075014,6.058264,0.0,MARCO-,cycling DCs
TCAACGAGTCCGTGAC-1-4861STDY7135917,0.18229756,12.702512,6.527041,0.0,MARCO-,Macrophage
TTGACTTCATGTAAGA-1-4861STDY7135917,0.17203099,15.080133,7.8744493,0.0,MARCO-,Macrophage
AAACCTGTCAGTTGAC-1-4861STDY7135918,0.17992848,11.288428,6.2538767,0.0,MARCO-,cycling DCs
AAAGATGCAAGACACG-1-4861STDY7135918,0.15133135,10.314926,7.821253,0.0,MARCO-,cDC2
AACCGCGAGGTGACCA-1-4861STDY7135918,0.25892162,7.0855827,5.582285,0.0,MARCO-,cDC1
AACTCCCGTCTAACGT-1-4861STDY7135918,0.18962194,11.291546,6.5841875,0.0,MARCO-,Macrophage
AAGACCTCATTTGCCC-1-4861STDY7135918,0.06848176,9.58714,13.10429,0.0,MARCO-,Macrophage
AAGCCGCGTCGCTTCT-1-4861STDY7135918,0.17264406,11.988471,6.9476886,0.0,MARCO-,cDC2
AAGGAGCCACTTCTGC-1-4861STDY7135918,0.16495901,15.331796,6.9216313,0.0,MARCO-,Macrophage
AATCCAGCAGTGAGTG-1-4861STDY7135918,0.26319715,6.9366555,5.785398,0.0,MARCO-,cDC1
AATCCAGTCTCTTATG-1-4861STDY7135918,0.1697611,12.814481,6.898135,0.0,MARCO-,cycling DCs
AATCGGTCAGTTTACG-1-4861STDY7135918,0.17662537,10.646348,6.8833647,0.0,MARCO-,cDC2
ACACTGATCTCAAACG-1-4861STDY7135918,0.17298275,12.533788,7.2611685,0.0,MARCO-,Macrophage
ACGCCAGAGGCATGGT-1-4861STDY7135918,0.18286034,10.672352,6.349698,0.0,MARCO-,cycling DCs
ACGGCCACAACGATGG-1-4861STDY7135918,0.19587433,11.098191,6.3128343,0.0,MARCO-,cDC2
ACGGGTCCATGGTAGG-1-4861STDY7135918,0.17677762,10.756038,7.5142884,0.0,MARCO-,cDC2
ACTGTCCTCCATTCTA-1-4861STDY7135918,0.16616248,13.840416,6.427309,0.0,MARCO-,cycling DCs
ACTTACTGTTAAGGGC-1-4861STDY7135918,0.17932011,13.689783,6.281423,0.0,MARCO-,cycling DCs
ACTTTCAAGTTGAGAT-1-4861STDY7135918,0.15827058,13.304924,6.6077466,0.0,MARCO-,cycling DCs
AGAGCTTTCACCATAG-1-4861STDY7135918,0.17123847,13.584038,8.360717,0.0,MARCO-,Macrophage
AGCGTCGCACCTGGTG-1-4861STDY7135918,0.17871077,13.897593,6.891247,0.0,MARCO-,Macrophage
AGGGTGATCACCTCGT-1-4861STDY7135918,0.16816185,12.740794,7.108112,0.0,MARCO-,cDC2
AGGTCATTCGTCGTTC-1-4861STDY7135918,0.17688727,14.198891,6.5687394,0.0,MARCO-,Macrophage
AGTCTTTAGGTTACCT-1-4861STDY7135918,0.1684949,13.867351,7.422783,0.0,MARCO-,Macrophage
ATAACGCAGTTCGATC-1-4861STDY7135918,0.050364308,12.22181,11.18849,0.0,MARCO-,Monocyte
ATAAGAGCAATGCCAT-1-4861STDY7135918,0.17160922,11.315283,7.1544013,0.0,MARCO-,cDC2
ATCCACCTCGCTAGCG-1-4861STDY7135918,0.23853643,8.393289,4.5140586,0.0,MARCO-,cDC1
ATCGAGTGTTGTCTTT-1-4861STDY7135918,0.09449636,14.434926,9.942434,0.0,MARCO-,Macrophage
CAACCAATCGTCCGTT-1-4861STDY7135918,0.171247,13.065959,7.8458347,0.0,MARCO-,Macrophage
CACAGTATCTTGACGA-1-4861STDY7135918,0.17233,12.584103,6.9270506,0.0,MARCO-,Macrophage
CACATAGTCAGAGCTT-1-4861STDY7135918,0.17113751,15.553431,7.3496633,0.0,MARCO-,Macrophage
CACCAGGGTCTGCAAT-1-4861STDY7135918,0.1616324,14.4749775,7.7410884,0.0,MARCO-,Macrophage
CAGCAGCAGCCGTCGT-1-4861STDY7135918,0.16868432,14.378821,7.146074,0.0,MARCO-,Macrophage
CAGCTGGGTGACTCAT-1-4861STDY7135918,0.2642476,7.2572947,6.8688426,0.0,MARCO-,cDC1
CATCAAGTCTTCATGT-1-4861STDY7135918,0.17018391,10.214059,7.34892,0.0,MARCO-,cDC2
CATCAGATCTGTACGA-1-4861STDY7135918,0.18770868,9.926652,6.39332,0.0,MARCO-,cDC2
CATCCACGTCACAAGG-1-4861STDY7135918,0.2621471,6.8884597,5.9008346,0.0,MARCO-,cDC1
CATCGGGAGTCCTCCT-1-4861STDY7135918,0.10098574,14.631219,9.766493,0.0,MARCO-,Macrophage
CATGACACAAAGGCGT-1-4861STDY7135918,0.25829196,6.8895836,5.5457993,0.0,MARCO-,cDC1
CCGTTCATCAACACGT-1-4861STDY7135918,0.16811047,14.403529,6.9669237,0.0,MARCO-,Macrophage
CCGTTCATCCCACTTG-1-4861STDY7135918,0.15821882,14.491871,8.996951,0.0,MARCO-,LYVE1 Macrophage
CCTAAAGTCCTCAATT-1-4861STDY7135918,0.17565846,12.335927,8.2004175,0.0,MARCO-,Macrophage
CGACTTCGTCTAGCCG-1-4861STDY7135918,0.11788663,11.512512,9.800437,0.0,MARCO-,Macrophage
CGAGCACGTAATCGTC-1-4861STDY7135918,0.17959492,13.657635,5.3973303,0.0,MARCO-,cycling DCs
CGGACGTAGCACCGTC-1-4861STDY7135918,0.18174124,10.049895,6.8021827,0.0,MARCO-,cDC2
CGGGTCACACCGAATT-1-4861STDY7135918,0.1719878,15.249663,7.379433,0.0,MARCO-,Macrophage
CGGTTAACAAGCCTAT-1-4861STDY7135918,0.16840458,15.353532,7.1217284,0.0,MARCO-,Macrophage
CGTGAGCCAGGGTATG-1-4861STDY7135918,0.17226219,10.868895,7.2174926,0.0,MARCO-,cDC2
CGTTAGATCGTGACAT-1-4861STDY7135918,0.17648964,13.246502,5.7061357,0.0,MARCO-,cycling DCs
CTAATGGGTGATAAGT-1-4861STDY7135918,0.16887951,11.161453,7.0298347,0.0,MARCO-,cDC2
CTACATTCAGCTGCTG-1-4861STDY7135918,0.1721466,13.373554,5.743508,0.0,MARCO-,cycling DCs
CTACCCAGTGTGACCC-1-4861STDY7135918,0.1855691,13.422151,5.5070114,0.0,MARCO-,cycling DCs
CTCACACGTTACGACT-1-4861STDY7135918,0.18012345,10.576016,6.7436934,0.0,MARCO-,cDC2
CTCCTAGAGAGGTTGC-1-4861STDY7135918,0.18020022,12.402453,5.8839264,0.0,MARCO-,cycling DCs
CTCTGGTAGATAGCAT-1-4861STDY7135918,0.15814136,14.621589,7.008129,0.0,MARCO-,Macrophage
CTGATAGGTATGAATG-1-4861STDY7135918,0.169801,15.105631,7.071713,0.0,MARCO-,Macrophage
CTGCTGTAGTTTGCGT-1-4861STDY7135918,0.16919371,13.200582,7.4607472,0.0,MARCO-,Macrophage
CTTTGCGGTCGAATCT-1-4861STDY7135918,0.25789538,7.2350497,5.705646,0.0,MARCO-,cDC1
GAAGCAGGTAGCTCCG-1-4861STDY7135918,0.17045593,13.796197,6.5140567,0.0,MARCO-,cycling DCs
GAAGCAGTCTTCGAGA-1-4861STDY7135918,0.2587019,7.2450495,6.215661,0.0,MARCO-,cDC1
GACAGAGTCTGCGACG-1-4861STDY7135918,0.19024187,9.897266,6.4576287,0.0,MARCO-,cDC2
GACGTGCCAGCTCGCA-1-4861STDY7135918,0.17806157,13.572986,7.981246,0.0,MARCO-,Macrophage
GATCTAGGTAAACGCG-1-4861STDY7135918,0.03535662,12.872244,11.274778,0.0,MARCO-,Monocyte
GCACATACAAATACAG-1-4861STDY7135918,0.17219432,14.237814,6.570695,0.0,MARCO-,Macrophage
GCATACAAGGTGCACA-1-4861STDY7135918,0.25733528,7.3387675,5.558152,0.0,MARCO-,cDC1
GCCAAATGTGATGTCT-1-4861STDY7135918,0.18281452,10.270756,6.521607,0.0,MARCO-,cDC2
GCTCCTAAGCGATAGC-1-4861STDY7135918,0.2619369,7.418492,5.8603606,0.0,MARCO-,cDC1
GCTGGGTAGCATGGCA-1-4861STDY7135918,0.18079168,9.93988,7.035347,0.0,MARCO-,cDC2
GGACATTTCGCCAAAT-1-4861STDY7135918,0.17560123,14.50405,6.8464518,0.0,MARCO-,Macrophage
GGAGCAAAGTGTACCT-1-4861STDY7135918,0.1727201,13.388374,6.9914403,0.0,MARCO-,Macrophage
GGCAATTAGCAACGGT-1-4861STDY7135918,0.1650901,15.503752,7.215875,0.0,MARCO-,Macrophage
GGGAGATCATCGGACC-1-4861STDY7135918,0.144123,14.4846945,7.2693014,0.0,MARCO-,Macrophage
GGGAGATGTAGCTGCC-1-4861STDY7135918,0.19251502,10.5475235,6.1999497,0.0,MARCO-,cDC2
GGGATGAGTAGAAAGG-1-4861STDY7135918,0.19054264,9.815235,6.518759,0.0,MARCO-,cDC2
GTACTCCGTCCTCCAT-1-4861STDY7135918,0.1856627,11.863571,6.709343,0.0,MARCO-,Macrophage
GTTAAGCGTGATGCCC-1-4861STDY7135918,0.16859356,15.212287,7.5594316,0.0,MARCO-,Macrophage
GTTAAGCTCTGAGGGA-1-4861STDY7135918,0.16899695,12.513078,7.389747,0.0,MARCO-,Macrophage
GTTACAGCAGCGTAAG-1-4861STDY7135918,0.12563893,11.044833,9.752527,0.0,MARCO-,Macrophage
TACACGAGTCATATGC-1-4861STDY7135918,0.27781668,6.8256965,5.969764,0.0,MARCO-,cDC1
TAGTGGTTCCGCATCT-1-4861STDY7135918,0.18160075,13.249816,5.3670526,0.0,MARCO-,cycling DCs
TATGCCCGTTTAAGCC-1-4861STDY7135918,0.12286403,11.219149,9.848414,0.0,MARCO-,cDC2
TCAATCTCAAGTAATG-1-4861STDY7135918,0.17619874,10.930478,6.72099,0.0,MARCO-,cDC2
TCTGGAAGTAGTAGTA-1-4861STDY7135918,0.17815128,10.032485,6.735058,0.0,MARCO-,cDC2
TCTGGAAGTTGGAGGT-1-4861STDY7135918,0.27151573,6.6594133,6.0061755,0.0,MARCO-,cDC1
TCTTCGGCACGGTAAG-1-4861STDY7135918,0.17012298,15.173285,6.892394,0.0,MARCO-,Macrophage
TCTTTCCGTCTCCACT-1-4861STDY7135918,0.14889432,14.898116,8.759701,0.0,MARCO-,LYVE1 Macrophage
TGACGGCTCGTGGGAA-1-4861STDY7135918,0.17643617,13.277681,5.8155293,0.0,MARCO-,cycling DCs
TGCCAAATCGTTTGCC-1-4861STDY7135918,0.17992133,13.534444,5.862096,0.0,MARCO-,cycling DCs
TGCCCTACAGGACGTA-1-4861STDY7135918,0.08993652,11.53481,10.343092,0.0,MARCO-,Macrophage
TGCGGGTGTGCCTTGG-1-4861STDY7135918,0.15481119,14.001795,6.926258,0.0,MARCO-,Macrophage
TTAGGACGTCAGAGGT-1-4861STDY7135918,0.16914181,13.8360815,5.4956565,0.0,MARCO-,cycling DCs
TTAGGCAAGTTCGCAT-1-4861STDY7135918,0.25382435,7.3248725,5.378244,0.0,MARCO-,cDC1
TTCTACAAGGTTCCTA-1-4861STDY7135918,0.18077186,13.555978,6.093738,0.0,MARCO-,cycling DCs
TTCTACATCGGACAAG-1-4861STDY7135918,0.16750415,13.959701,7.7064924,0.0,MARCO-,Macrophage
TTGCGTCCATTAGGCT-1-4861STDY7135918,0.17057084,12.882412,8.0335655,0.0,MARCO-,Macrophage
TTGTAGGAGCTACCGC-1-4861STDY7135918,0.16289552,14.003436,6.2027445,0.0,MARCO-,cycling DCs
TTTACTGAGGATGGTC-1-4861STDY7135918,0.17046879,13.938984,6.9821467,0.0,MARCO-,Macrophage
TTTGGTTCAACCGCCA-1-4861STDY7135918,0.18173258,10.2435465,6.5722027,0.0,MARCO-,cDC2
GAATAAGTCACGAAGG-1-Human_colon_16S7255675,0.15900232,10.98338,8.710336,0.0,MARCO-,Macrophage
AATCCAGCAGTAGAGC-1-Human_colon_16S7255676,0.15536936,10.697798,9.138698,0.0,MARCO-,Macrophage
ACACCGGGTCTGCGGT-1-Human_colon_16S7255676,0.20574686,9.09896,8.502382,0.0,MARCO-,cDC2
ATGAGGGTCCTGTACC-1-Human_colon_16S7255676,0.18691947,9.698408,8.493795,0.0,MARCO-,cDC2
CGGAGTCAGTGTCCAT-1-Human_colon_16S7255676,0.16699158,10.200068,8.881869,0.0,MARCO-,cDC2
GAATAAGCATCCCATC-1-Human_colon_16S7255676,0.13903826,10.422443,9.351804,0.0,MARCO-,Macrophage
GACGTTAAGGTCATCT-1-Human_colon_16S7255676,0.15994793,9.820978,9.67015,0.0,MARCO-,Macrophage
GCATACATCGAACTGT-1-Human_colon_16S7255676,0.15409802,10.823338,8.766854,0.0,MARCO-,LYVE1 Macrophage
GCGACCAGTCCGAACC-1-Human_colon_16S7255676,0.15067975,10.587968,9.031656,0.0,MARCO-,Macrophage
GGAACTTAGTGGACGT-1-Human_colon_16S7255676,0.21957757,8.912701,6.1995716,0.0,MARCO-,cDC2
GGCAATTCATGTCGAT-1-Human_colon_16S7255676,0.1400687,11.144798,8.9317045,1.5815518,MARCO+,LYVE1 Macrophage
GTATCTTGTTATCCGA-1-Human_colon_16S7255676,0.15337695,10.88428,8.931567,0.0,MARCO-,Macrophage
TTCTCAAGTCACCTAA-1-Human_colon_16S7255676,0.13527218,10.866076,8.99786,0.0,MARCO-,LYVE1 Macrophage
CGGCTAGAGTGGAGAA-1-Human_colon_16S7255677,0.06736814,11.122494,11.121274,0.0,MARCO-,Macrophage
AGGGTGATCTGATACG-1-Human_colon_16S7255678,0.88374424,4.2153745,6.0852947,0.0,MARCO-,pDC
CTACATTCAAAGGCGT-1-Human_colon_16S7255678,0.255361,7.4219685,7.501031,0.0,MARCO-,cDC1
CTCCTAGCAGATGAGC-1-Human_colon_16S7255678,0.24191083,8.675435,5.8436785,0.0,MARCO-,cDC2
AACCGCGCAGGAATCG-1-Human_colon_16S7255680,0.16378912,10.489394,9.269925,0.0,MARCO-,Macrophage
CGATCGGGTTCAGCGC-1-Human_colon_16S7255680,0.22193013,8.629475,8.815378,0.0,MARCO-,cDC2
CGTGAGCCATACAGCT-1-Human_colon_16S7255680,0.24216601,8.123697,8.026085,0.0,MARCO-,cDC1
CTTTGCGGTAAGTGGC-1-Human_colon_16S7255680,0.23989311,8.25642,8.4096985,0.0,MARCO-,cDC1
GGCTGGTAGTCGTTTG-1-Human_colon_16S7255680,0.20067203,9.423451,8.3576565,0.0,MARCO-,cDC2
TCAATCTGTGGTAACG-1-Human_colon_16S7255680,0.23652244,8.399481,8.345258,0.0,MARCO-,cDC2
AAGACCTAGCACAGGT-1-Human_colon_16S7255682,0.09598579,9.984421,10.703083,0.0,MARCO-,Macrophage
AAGCCGCCAGCGAACA-1-Human_colon_16S7255682,0.13074236,9.652355,10.232546,0.5892482,MARCO+,Macrophage
ACGAGGATCCTTCAAT-1-Human_colon_16S7255682,0.09172293,10.095911,10.739159,1.0868847,MARCO+,Macrophage
ACGCAGCCACGAAATA-1-Human_colon_16S7255682,0.19488853,9.218316,8.985417,0.0,MARCO-,cDC2
ACTGAGTTCTATCCTA-1-Human_colon_16S7255682,0.2505104,7.7120423,9.048142,0.0,MARCO-,cDC2
AGCGGTCCATACGCTA-1-Human_colon_16S7255682,0.07892457,10.266928,10.917211,1.1697649,MARCO+,Monocyte
ATCATCTCATACTCTT-1-Human_colon_16S7255682,0.25159857,7.761891,8.345513,0.0,MARCO-,cDC1
ATTATCCGTGGTGTAG-1-Human_colon_16S7255682,0.24182604,7.852,8.937407,0.0,MARCO-,cDC2
ATTCTACAGTACGACG-1-Human_colon_16S7255682,0.25237745,7.627046,8.041881,0.0,MARCO-,cDC1
CACATAGCAGTTAACC-1-Human_colon_16S7255682,0.18164633,9.01697,9.5208845,0.0,MARCO-,Macrophage
CACATAGTCAAGGTAA-1-Human_colon_16S7255682,0.24291404,7.779065,9.101951,0.0,MARCO-,cDC2
CATATTCCACTGCCAG-1-Human_colon_16S7255682,0.24839616,7.6386623,8.870342,0.0,MARCO-,cDC2
CATGCCTCACGAAATA-1-Human_colon_16S7255682,0.25720477,7.7541637,8.111542,0.0,MARCO-,cDC1
CCTATTACATTGTGCA-1-Human_colon_16S7255682,0.18814102,9.05152,9.209105,0.0,MARCO-,Macrophage
CCTTCCCTCGCAAGCC-1-Human_colon_16S7255682,0.26048896,7.3086333,6.910965,0.0,MARCO-,cDC1
CGATCGGAGCCCAACC-1-Human_colon_16S7255682,0.19933769,8.757307,9.200622,0.0,MARCO-,cDC2
CGCGGTAAGTCATCCA-1-Human_colon_16S7255682,0.18952037,9.627941,8.685926,0.0,MARCO-,cDC2
CTGTGCTCAATAAGCA-1-Human_colon_16S7255682,0.2500073,7.7585335,8.95845,0.0,MARCO-,cDC2
GACGGCTAGGGAAACA-1-Human_colon_16S7255682,0.21654956,8.374566,9.212789,0.0,MARCO-,cDC2
GACTGCGTCAACGGCC-1-Human_colon_16S7255682,0.22395271,8.633768,8.650038,0.0,MARCO-,cDC2
GATGCTAAGTCTCAAC-1-Human_colon_16S7255682,0.17095767,9.309645,9.698776,0.0,MARCO-,cDC2
GCCTCTAAGCTCCTCT-1-Human_colon_16S7255682,0.14746118,9.702934,9.677489,0.0,MARCO-,Macrophage
GCGCAGTAGGCAGGTT-1-Human_colon_16S7255682,0.12205218,9.946263,10.311637,0.0,MARCO-,Macrophage
GCTGCTTTCCAAAGTC-1-Human_colon_16S7255682,0.16513269,11.549729,9.396946,0.0,MARCO-,Macrophage
GGGCATCCAAACCCAT-1-Human_colon_16S7255682,0.16421439,11.668606,9.230638,0.0,MARCO-,Macrophage
GTAACTGCAGACTCGC-1-Human_colon_16S7255682,0.25013202,7.7443085,8.50537,0.0,MARCO-,cDC1
GTAGGCCCAACGATCT-1-Human_colon_16S7255682,0.24549694,7.552815,8.595613,0.0,MARCO-,cDC2
TCCCGATCACATGGGA-1-Human_colon_16S7255682,0.2488642,7.4804335,8.953996,0.0,MARCO-,cDC2
TCGAGGCAGAAGGGTA-1-Human_colon_16S7255682,0.21712475,8.54539,8.934988,0.0,MARCO-,cDC2
TCGCGAGTCAAACCGT-1-Human_colon_16S7255682,0.09698812,10.160851,10.553799,0.0,MARCO-,Macrophage
TGACAACTCTCGCATC-1-Human_colon_16S7255682,0.21378797,8.894561,8.514837,0.0,MARCO-,cDC2
TGAGCATCAGGTCCAC-1-Human_colon_16S7255682,0.25613916,7.922519,8.276056,0.0,MARCO-,cDC1
TTAACTCGTTCCCTTG-1-Human_colon_16S7255682,0.2211453,8.447629,9.133315,0.0,MARCO-,cDC2
TTATGCTGTACCAGTT-1-Human_colon_16S7255682,0.102954455,10.027244,10.615533,0.0,MARCO-,Macrophage
TTTATGCCATGGGACA-1-Human_colon_16S7255682,0.20689675,8.528082,9.481681,0.0,MARCO-,cDC2
ACACCGGTCCTGTACC-1-Human_colon_16S8001867,0.22978237,14.119154,1.3488944,0.0,MARCO-,cycling DCs
ACGAGGAGTCATATGC-1-Human_colon_16S8001867,0.2584487,12.318076,0.49858308,0.0,MARCO-,Macrophage
ATTACTCCACAGAGGT-1-Human_colon_16S8001867,0.20117705,14.55722,-0.08914844,0.0,MARCO-,Monocyte
CGACTTCCAGTGAGTG-1-Human_colon_16S8001867,0.23916431,13.372973,0.14717904,0.0,MARCO-,cDC2
CTACCCATCAGAGACG-1-Human_colon_16S8001867,0.20189053,14.5742,0.35811052,0.0,MARCO-,Monocyte
CTCTGGTTCCCTAACC-1-Human_colon_16S8001867,0.2259142,13.563984,-0.06256757,0.0,MARCO-,cDC2
GGGAATGGTGCCTGGT-1-Human_colon_16S8001867,0.2081061,14.285858,0.050680622,0.0,MARCO-,Monocyte
TAGAGCTTCCAAGTAC-1-Human_colon_16S8001867,0.24802876,13.196644,-0.01047254,0.0,MARCO-,Macrophage
TCAGGTAAGCGCTTAT-1-Human_colon_16S8001867,0.2472866,12.946653,0.17643487,0.0,MARCO-,Macrophage
TGGCTGGGTGGACGAT-1-Human_colon_16S8001867,0.19979686,13.394465,5.039193,0.0,MARCO-,cycling DCs
TGTGGTATCCAAAGTC-1-Human_colon_16S8001867,0.22211877,13.896535,0.26397154,0.0,MARCO-,Macrophage
AAAGTAGTCCACGTGG-1-Human_colon_16S8001871,0.27629,13.452719,-1.9564517,0.0,MARCO-,Macrophage
AACCATGAGACTTGAA-1-Human_colon_16S8001871,0.25714678,14.477661,1.5786889,0.0,MARCO-,LYVE1 Macrophage
AACTCCCGTGACTCAT-1-Human_colon_16S8001871,0.2652575,13.48721,2.6167138,0.0,MARCO-,LYVE1 Macrophage
AACTGGTAGAGTCGGT-1-Human_colon_16S8001871,0.25811145,13.618066,2.8446941,0.0,MARCO-,LYVE1 Macrophage
AATCCAGGTCTCACCT-1-Human_colon_16S8001871,0.2883637,12.021288,-1.925335,0.0,MARCO-,Macrophage
ACACCAAAGTTATCGC-1-Human_colon_16S8001871,0.26520887,14.470521,2.4665396,0.0,MARCO-,LYVE1 Macrophage
ACACCAAGTCTCTCTG-1-Human_colon_16S8001871,0.28781915,11.086031,0.97387964,0.0,MARCO-,Macrophage
ACACCCTAGGTCGGAT-1-Human_colon_16S8001871,0.25291336,14.135574,1.256081,1.1450837,MARCO+,LYVE1 Macrophage
ACACCGGCAGGGATTG-1-Human_colon_16S8001871,0.27789846,13.174763,-1.8485132,0.0,MARCO-,Macrophage
ACGAGCCCAAGCGATG-1-Human_colon_16S8001871,0.2913259,11.305813,-0.012615524,0.0,MARCO-,Macrophage
ACGGCCATCTTATCTG-1-Human_colon_16S8001871,0.2913796,11.984182,-1.5518075,0.0,MARCO-,Macrophage
ACGGGCTGTTACTGAC-1-Human_colon_16S8001871,0.283277,12.702441,-1.7086849,0.0,MARCO-,Macrophage
ACGGGTCCATCCTTGC-1-Human_colon_16S8001871,0.28383952,11.277889,0.716496,0.0,MARCO-,Macrophage
ACTGAGTTCTAACTTC-1-Human_colon_16S8001871,0.26036632,14.509388,1.7460645,0.0,MARCO-,LYVE1 Macrophage
ACTGATGCAGGCAGTA-1-Human_colon_16S8001871,0.28536913,11.229964,0.5138013,0.0,MARCO-,Macrophage
ACTGATGGTAAGGATT-1-Human_colon_16S8001871,0.283665,13.550582,-1.6982434,0.0,MARCO-,Macrophage
ACTGCTCGTGCACTTA-1-Human_colon_16S8001871,0.254739,13.971024,1.9965683,0.0,MARCO-,LYVE1 Macrophage
AGACGTTGTAACGACG-1-Human_colon_16S8001871,0.2606479,13.494941,1.4813005,0.0,MARCO-,LYVE1 Macrophage
AGACGTTGTAGATTAG-1-Human_colon_16S8001871,0.26804268,14.348103,2.2995968,0.0,MARCO-,LYVE1 Macrophage
AGACGTTTCCTATTCA-1-Human_colon_16S8001871,0.2691507,13.153546,2.6312158,1.6027516,MARCO+,LYVE1 Macrophage
AGAGTGGGTAGTACCT-1-Human_colon_16S8001871,0.26150241,14.01864,1.7020936,0.0,MARCO-,LYVE1 Macrophage
AGATTGCCAATGAATG-1-Human_colon_16S8001871,0.2599134,14.540485,2.1815464,0.0,MARCO-,LYVE1 Macrophage
AGATTGCGTTGCTCCT-1-Human_colon_16S8001871,0.26313883,12.473895,0.41849384,0.0,MARCO-,Macrophage
AGTAGTCCAGACGTAG-1-Human_colon_16S8001871,0.25298932,12.386491,0.8910334,0.0,MARCO-,cycling DCs
ATCCACCAGTGTACTC-1-Human_colon_16S8001871,0.27368703,13.43004,-0.9034883,2.1929693,MARCO+,Macrophage
ATCGAGTCAGGGTATG-1-Human_colon_16S8001871,0.27543905,12.036636,0.24039312,0.0,MARCO-,Macrophage
ATCTACTGTTGAACTC-1-Human_colon_16S8001871,0.25900042,13.790853,3.0094628,1.8281901,MARCO+,LYVE1 Macrophage
ATGAGGGTCGCATGGC-1-Human_colon_16S8001871,0.26966006,13.4733305,-1.8558792,0.0,MARCO-,Macrophage
ATGTGTGCAAGAAAGG-1-Human_colon_16S8001871,0.2798854,11.447608,0.41783112,0.0,MARCO-,Macrophage
ATGTGTGCATGGGAAC-1-Human_colon_16S8001871,0.28911453,11.256529,-0.055924024,0.0,MARCO-,Macrophage
CAAGATCGTATCTGCA-1-Human_colon_16S8001871,0.24883054,14.286232,2.3592277,0.0,MARCO-,LYVE1 Macrophage
CAAGGCCGTACCATCA-1-Human_colon_16S8001871,0.28189564,11.883367,-1.7270623,0.0,MARCO-,Macrophage
CACACCTAGGAGTAGA-1-Human_colon_16S8001871,0.2887414,12.065241,-0.71078235,0.0,MARCO-,Macrophage
CACAGGCAGAGAGCTC-1-Human_colon_16S8001871,0.2521533,13.848448,-1.1841003,0.0,MARCO-,LYVE1 Macrophage
CACATTTAGATCTGAA-1-Human_colon_16S8001871,0.2824494,12.599423,-1.673084,0.0,MARCO-,Macrophage
CACCACTTCTGTCTCG-1-Human_colon_16S8001871,0.2580024,13.842687,1.5518563,0.0,MARCO-,LYVE1 Macrophage
CAGATCAGTCAGAATA-1-Human_colon_16S8001871,0.2534866,14.1746855,1.2330877,0.0,MARCO-,LYVE1 Macrophage
CAGTAACAGCCTTGAT-1-Human_colon_16S8001871,0.25899634,14.16466,1.9813973,0.0,MARCO-,Macrophage
CATGCCTCACCCAGTG-1-Human_colon_16S8001871,0.21003662,15.259739,-0.33811268,0.0,MARCO-,Monocyte
CATGGCGCACGCATCG-1-Human_colon_16S8001871,0.27130163,12.364359,-1.2596799,0.0,MARCO-,Macrophage
CCAATCCGTAAGGGCT-1-Human_colon_16S8001871,0.2515406,12.6737795,0.7127125,0.0,MARCO-,cycling DCs
CCTCAGTAGGAGCGAG-1-Human_colon_16S8001871,0.21963306,14.685286,0.19391534,0.0,MARCO-,Monocyte
CCTCAGTGTGACAAAT-1-Human_colon_16S8001871,0.2396535,12.926827,0.27568266,0.0,MARCO-,Macrophage
CGAATGTGTTGCGCAC-1-Human_colon_16S8001871,0.2838472,11.209882,0.47001165,0.0,MARCO-,Macrophage
CGATGTATCGTCTGCT-1-Human_colon_16S8001871,0.21865104,14.684844,0.37105578,0.0,MARCO-,Monocyte
CGGACGTTCTAACGGT-1-Human_colon_16S8001871,0.3035337,15.05153,2.333426,0.0,MARCO-,LYVE1 Macrophage
CGGAGCTGTAGGCATG-1-Human_colon_16S8001871,0.27009314,14.213285,2.5332751,0.0,MARCO-,LYVE1 Macrophage
CGGCTAGAGGGTCGAT-1-Human_colon_16S8001871,0.28616887,11.22237,0.86353123,0.0,MARCO-,Macrophage
CGGGTCAAGATGGGTC-1-Human_colon_16S8001871,0.30893615,11.720326,-1.2449968,0.0,MARCO-,Macrophage
CGTCACTGTGTAAGTA-1-Human_colon_16S8001871,0.26909414,11.957248,-2.0796828,0.0,MARCO-,Macrophage
CGTCAGGTCACAGTAC-1-Human_colon_16S8001871,0.2853803,14.836087,2.5970304,0.0,MARCO-,LYVE1 Macrophage
CGTGAGCTCCCAACGG-1-Human_colon_16S8001871,0.26302427,13.208049,-1.5484769,0.0,MARCO-,cDC2
CTAACTTCATGAAGTA-1-Human_colon_16S8001871,0.17343795,15.092141,-0.26751128,0.0,MARCO-,Monocyte
CTACGTCAGGAATTAC-1-Human_colon_16S8001871,0.2651248,13.465056,2.6489654,1.9792076,MARCO+,LYVE1 Macrophage
CTAGAGTAGGAATGGA-1-Human_colon_16S8001871,0.28508654,12.389597,-1.8809223,0.0,MARCO-,Macrophage
CTCAGAAGTAGAAAGG-1-Human_colon_16S8001871,0.21740994,15.293135,-0.05011352,0.0,MARCO-,Monocyte
CTCGAAAGTCCATGAT-1-Human_colon_16S8001871,0.24925806,14.753598,1.4445755,0.0,MARCO-,LYVE1 Macrophage
CTCGAGGTCTTCTGGC-1-Human_colon_16S8001871,0.25647467,14.154241,2.2388961,0.0,MARCO-,LYVE1 Macrophage
CTCGGAGAGATATGGT-1-Human_colon_16S8001871,0.24748196,12.487767,0.9649723,0.0,MARCO-,cycling DCs
CTGCGGACATCCGTGG-1-Human_colon_16S8001871,0.28269744,12.182467,-1.3429368,0.0,MARCO-,Macrophage
GAACCTATCGTGGTCG-1-Human_colon_16S8001871,0.28987303,15.107346,2.216308,0.0,MARCO-,LYVE1 Macrophage
GACAGAGGTGAGGCTA-1-Human_colon_16S8001871,0.27904058,12.890987,-1.5906886,0.0,MARCO-,Macrophage
GACAGAGTCCTTCAAT-1-Human_colon_16S8001871,0.2683989,13.210378,-2.2169492,0.0,MARCO-,Macrophage
GACGGCTCAGTTTACG-1-Human_colon_16S8001871,0.1810164,10.979856,6.485715,0.0,MARCO-,cDC2
GACTAACGTGCCTGTG-1-Human_colon_16S8001871,0.27415064,12.999512,2.663317,0.0,MARCO-,LYVE1 Macrophage
GAGTCCGCAGCTCGAC-1-Human_colon_16S8001871,0.29463384,11.641066,-0.6280455,0.0,MARCO-,Macrophage
GATCAGTTCATCTGCC-1-Human_colon_16S8001871,0.23704806,12.911789,1.0517579,0.0,MARCO-,cycling DCs
GATGAGGTCCACGAAT-1-Human_colon_16S8001871,0.26270956,13.429089,-1.3759913,0.0,MARCO-,Macrophage
GATGCTATCTAACCGA-1-Human_colon_16S8001871,0.25293526,14.587351,1.568332,1.4238508,MARCO+,LYVE1 Macrophage
GATTCAGGTGAACCTT-1-Human_colon_16S8001871,0.27090082,12.685425,-1.7648354,0.0,MARCO-,Macrophage
GATTCAGTCCAAACTG-1-Human_colon_16S8001871,0.17883025,15.141243,-0.16850255,0.0,MARCO-,Monocyte
GCAAACTAGTCTCCTC-1-Human_colon_16S8001871,0.27113667,12.936711,2.8407857,1.7583878,MARCO+,LYVE1 Macrophage
GCAGTTAGTGGCCCTA-1-Human_colon_16S8001871,0.2593157,14.344692,2.166109,0.9530567,MARCO+,LYVE1 Macrophage
GCATGATAGATCGATA-1-Human_colon_16S8001871,0.2780291,12.511222,-1.7211267,0.0,MARCO-,Macrophage
GCTGGGTAGAGCTGGT-1-Human_colon_16S8001871,0.26464495,12.88086,-1.2902603,0.0,MARCO-,Macrophage
GCTGGGTCAAGGTGTG-1-Human_colon_16S8001871,0.27152976,12.410475,-1.2216643,0.0,MARCO-,cycling DCs
GGAACTTCACTATCTT-1-Human_colon_16S8001871,0.26016918,12.956284,2.8393342,2.4369774,MARCO+,LYVE1 Macrophage
GGCAATTTCTTGGGTA-1-Human_colon_16S8001871,0.28097814,11.502952,0.2989963,0.0,MARCO-,Macrophage
GGGAGATAGGGAGTAA-1-Human_colon_16S8001871,0.26468545,13.629947,2.9371912,1.0480888,MARCO+,LYVE1 Macrophage
GGGATGAGTCCGCTGA-1-Human_colon_16S8001871,0.2669171,12.59099,-2.2567158,0.0,MARCO-,LYVE1 Macrophage
GGGCACTGTAGAGCTG-1-Human_colon_16S8001871,0.3137078,11.577518,-0.58364886,0.0,MARCO-,Macrophage
GGGCACTTCACATGCA-1-Human_colon_16S8001871,0.28409398,11.18107,0.17971088,0.0,MARCO-,Macrophage
GTACGTAGTATATCCG-1-Human_colon_16S8001871,0.30682316,11.949133,-0.9986743,0.0,MARCO-,Macrophage
GTCACGGCACTTCTGC-1-Human_colon_16S8001871,0.25225064,14.379579,1.1457119,0.0,MARCO-,LYVE1 Macrophage
GTCCTCAAGGATATAC-1-Human_colon_16S8001871,0.32161626,11.599355,-0.86875707,0.0,MARCO-,Macrophage
GTGCTTCTCTCAAGTG-1-Human_colon_16S8001871,0.2768082,12.775913,-1.9442174,0.0,MARCO-,Macrophage
GTGTGCGAGCGCTTAT-1-Human_colon_16S8001871,0.25788137,13.643043,2.9666216,2.961076,MARCO+,LYVE1 Macrophage
GTGTGCGAGCTGGAAC-1-Human_colon_16S8001871,0.281703,13.081399,2.3014193,0.0,MARCO-,LYVE1 Macrophage
GTGTGCGTCACCGTAA-1-Human_colon_16S8001871,0.28153974,11.382698,0.40370154,0.0,MARCO-,Macrophage
TAAGAGACACGGCCAT-1-Human_colon_16S8001871,0.28972065,11.348036,-0.21436457,0.0,MARCO-,Macrophage
TAAGCGTAGTATGACA-1-Human_colon_16S8001871,0.2969837,11.6648655,-1.3924701,0.0,MARCO-,Macrophage
TACGGTATCACTTCAT-1-Human_colon_16S8001871,0.24155144,12.856736,1.0959193,0.0,MARCO-,cycling DCs
TAGGCATCAAGCGTAG-1-Human_colon_16S8001871,0.25243306,14.766949,1.6764027,0.0,MARCO-,LYVE1 Macrophage
TAGTGGTGTCGAGTTT-1-Human_colon_16S8001871,0.30022612,11.856399,-1.6374412,0.0,MARCO-,Macrophage
TATCTCATCGCATGAT-1-Human_colon_16S8001871,0.28885508,11.597129,-0.21500763,0.0,MARCO-,Macrophage
TCACGAACACAGTCGC-1-Human_colon_16S8001871,0.30510172,11.378682,-0.62051344,0.0,MARCO-,Macrophage
TCACGAACAGGGCATA-1-Human_colon_16S8001871,0.2410375,13.706912,1.1404787,0.0,MARCO-,cDC2
TCAGCTCTCATAGCAC-1-Human_colon_16S8001871,0.27989453,11.706483,0.15082005,0.0,MARCO-,Macrophage
TCAGGATTCATAGCAC-1-Human_colon_16S8001871,0.27085155,13.122917,-1.8814546,0.0,MARCO-,Macrophage
TCATTACAGTTGCAGG-1-Human_colon_16S8001871,0.26929706,11.76531,0.6459653,0.70129555,MARCO+,Macrophage
TCATTTGTCAACCATG-1-Human_colon_16S8001871,0.29024282,11.769775,-1.3073568,0.0,MARCO-,Macrophage
TCGCGTTAGAACTGTA-1-Human_colon_16S8001871,0.2903481,11.605382,-1.5721363,0.0,MARCO-,Macrophage
TCGTAGAAGAGTACCG-1-Human_colon_16S8001871,0.2799648,10.929584,0.48363543,0.0,MARCO-,Macrophage
TCTGAGATCCGCTGTT-1-Human_colon_16S8001871,0.26119006,13.284962,2.7015307,0.0,MARCO-,LYVE1 Macrophage
TCTGGAAAGAAGAAGC-1-Human_colon_16S8001871,0.26620564,13.56067,2.19725,0.0,MARCO-,LYVE1 Macrophage
TGACGGCGTCACAAGG-1-Human_colon_16S8001871,0.24671644,12.957493,0.79608357,0.0,MARCO-,Macrophage
TGATTTCAGGCGTACA-1-Human_colon_16S8001871,0.24685287,14.930513,1.1495103,0.0,MARCO-,LYVE1 Macrophage
TGCGCAGCACATGACT-1-Human_colon_16S8001871,0.28552482,12.214251,-1.4882339,0.0,MARCO-,Macrophage
TGCGGGTAGTAGGCCA-1-Human_colon_16S8001871,0.27575848,13.161137,-1.9387269,0.0,MARCO-,Macrophage
TGGCGCAGTGTGAATA-1-Human_colon_16S8001871,0.26270676,13.418647,-1.5693702,0.0,MARCO-,Macrophage
TGTATTCGTACATCCA-1-Human_colon_16S8001871,0.28149402,15.342874,1.835878,0.0,MARCO-,Macrophage
TTCCCAGGTCAATACC-1-Human_colon_16S8001871,0.25363535,14.181385,1.4191792,1.1742256,MARCO+,LYVE1 Macrophage
TTCTCAACAAGGTGTG-1-Human_colon_16S8001871,0.25708294,14.145365,1.8625802,0.0,MARCO-,LYVE1 Macrophage
TTCTCCTGTTCCACAA-1-Human_colon_16S8001871,0.29248482,14.895422,2.187718,0.0,MARCO-,LYVE1 Macrophage
TTGAACGCAATGAATG-1-Human_colon_16S8001871,0.28560278,12.086667,-1.072491,0.0,MARCO-,Macrophage
TTGCGTCAGAGTCTGG-1-Human_colon_16S8001871,0.27357817,13.514224,-1.4889165,0.0,MARCO-,Macrophage
TTGGCAAGTTTGCATG-1-Human_colon_16S8001871,0.28431532,11.028519,0.65218014,0.0,MARCO-,Macrophage
TTTATGCTCTCTAAGG-1-Human_colon_16S8001871,0.29495674,15.313569,2.144794,0.0,MARCO-,LYVE1 Macrophage
AAAGATGTCATAACCG-1-Human_colon_16S8000484,0.27869526,16.233156,0.752958,0.53267455,MARCO+,LYVE1 Macrophage
AAATGCCAGAGACTTA-1-Human_colon_16S8000484,0.22657162,16.023142,-0.6545001,0.6421572,MARCO+,Monocyte
AAATGCCAGCCAGAAC-1-Human_colon_16S8000484,0.27383852,15.8233795,1.3257178,0.0,MARCO-,LYVE1 Macrophage
AAGGAGCCAAACCTAC-1-Human_colon_16S8000484,0.235256,15.9716625,0.047641996,0.0,MARCO-,Monocyte
ACAGCTATCCGGCACA-1-Human_colon_16S8000484,0.27656838,16.796013,1.0883119,0.0,MARCO-,LYVE1 Macrophage
ACGCCGATCCGCTGTT-1-Human_colon_16S8000484,0.21528384,15.645161,-0.6746755,0.0,MARCO-,Monocyte
ACGGAGAAGAAGGGTA-1-Human_colon_16S8000484,0.26531667,16.321894,0.9383586,2.4186406,MARCO+,LYVE1 Macrophage
ACTTTCACAGTTCCCT-1-Human_colon_16S8000484,0.27242443,16.622147,1.4281281,0.961858,MARCO+,LYVE1 Macrophage
AGAGCGATCGCGCCAA-1-Human_colon_16S8000484,0.2675337,16.158102,0.50612396,1.8882017,MARCO+,LYVE1 Macrophage
AGTGAGGTCGAGGTAG-1-Human_colon_16S8000484,0.2827153,16.672045,1.109251,0.0,MARCO-,LYVE1 Macrophage
ATCACGAAGCCACCTG-1-Human_colon_16S8000484,0.23987558,8.49843,4.3691545,0.0,MARCO-,cDC1
CAACCTCTCCGTAGTA-1-Human_colon_16S8000484,0.2025111,15.44445,-0.83286566,0.0,MARCO-,Monocyte
CACCAGGAGGGTGTGT-1-Human_colon_16S8000484,0.2693928,15.718611,1.3520117,2.1854596,MARCO+,Monocyte
CAGATCAGTTCCGGCA-1-Human_colon_16S8000484,0.22258668,15.679415,-0.39239922,0.0,MARCO-,Monocyte
CAGATCATCTCACATT-1-Human_colon_16S8000484,0.27415457,16.32566,1.1465533,0.0,MARCO-,LYVE1 Macrophage
CAGTAACAGGGTGTGT-1-Human_colon_16S8000484,0.23176186,15.638558,-0.04496337,0.81829166,MARCO+,Monocyte
CCCTCCTGTCTGATTG-1-Human_colon_16S8000484,0.27026314,16.333092,0.6674403,0.0,MARCO-,Monocyte
CCGTGGACATCGATGT-1-Human_colon_16S8000484,0.22137642,15.779918,-0.705227,0.0,MARCO-,Monocyte
CGAGAAGTCGAGCCCA-1-Human_colon_16S8000484,0.26447913,16.119333,0.4330971,0.93076634,MARCO+,Monocyte
CGATGTAAGCAATCTC-1-Human_colon_16S8000484,0.23288791,16.059443,-0.34779778,0.0,MARCO-,Monocyte
CGGACGTCATCAGTAC-1-Human_colon_16S8000484,0.23704392,7.941299,5.206224,0.0,MARCO-,cDC1
CGGGTCACAGCTATTG-1-Human_colon_16S8000484,0.28315356,16.633698,1.5335562,0.0,MARCO-,LYVE1 Macrophage
CTACACCCAAAGTCAA-1-Human_colon_16S8000484,0.22831814,15.796468,-0.46834517,0.7652005,MARCO+,Monocyte
CTGTTTATCACATAGC-1-Human_colon_16S8000484,0.26518986,16.393476,1.5063056,1.7630744,MARCO+,LYVE1 Macrophage
GAACCTAAGGGATGGG-1-Human_colon_16S8000484,0.26686987,16.60725,0.92751783,0.0,MARCO-,LYVE1 Macrophage
GATCAGTAGTTGTCGT-1-Human_colon_16S8000484,0.21709612,15.762289,-0.78541565,1.1335268,MARCO+,Monocyte
GCGGGTTAGAAGCCCA-1-Human_colon_16S8000484,0.27875116,16.15666,1.1505857,0.0,MARCO-,LYVE1 Macrophage
GCTCTGTGTAAATGAC-1-Human_colon_16S8000484,0.13812116,15.235283,-1.043509,0.0,MARCO-,Monocyte
GCTTCCATCCCTAACC-1-Human_colon_16S8000484,0.2634354,15.964392,0.44227406,0.8490796,MARCO+,LYVE1 Macrophage
GGACAAGGTTCCCGAG-1-Human_colon_16S8000484,0.2804443,16.402056,1.4298277,0.0,MARCO-,LYVE1 Macrophage
GGGATGATCCGTCATC-1-Human_colon_16S8000484,0.26495102,16.42327,0.34989357,0.75020933,MARCO+,LYVE1 Macrophage
GTAACTGCAAGTTCTG-1-Human_colon_16S8000484,0.27897877,16.57219,1.1425947,0.0,MARCO-,LYVE1 Macrophage
GTACTCCTCCCTAACC-1-Human_colon_16S8000484,0.23046562,15.805268,-0.47121224,1.0070336,MARCO+,Monocyte
GTGGGTCGTAAAGGAG-1-Human_colon_16S8000484,0.2537246,12.784005,-1.4265004,0.0,MARCO-,Macrophage
GTTCTCGGTTGAGGTG-1-Human_colon_16S8000484,0.23153272,16.106844,-0.73478866,1.6211399,MARCO+,Monocyte
TAAGCGTAGAGTTGGC-1-Human_colon_16S8000484,0.26664054,16.347776,1.4091117,2.6763394,MARCO+,Macrophage
TACACGACAACTGCGC-1-Human_colon_16S8000484,0.27226397,16.033089,0.98158234,0.0,MARCO-,LYVE1 Macrophage
TGACAACTCGACCAGC-1-Human_colon_16S8000484,0.27681848,11.497101,1.6664023,0.0,MARCO-,Macrophage
TGGGCGTTCGGATGGA-1-Human_colon_16S8000484,0.27142662,16.028471,1.2487667,0.0,MARCO-,LYVE1 Macrophage
TTCGAAGTCATATCGG-1-Human_colon_16S8000484,0.28446332,16.753336,1.2191794,1.4207466,MARCO+,LYVE1 Macrophage
