,X,Y,Category,marco_expr,marco_positive
SPF Colon 5_CACACTTGTATTGCGA-1,-2.28512643444069,-5.91657410593163,11,1,True
SPF Colon 5_CGGCAGGGTCGGGTTG-1,-4.1281154023362,-0.591663897348755,0,1,True
SPF Colon 5_GATGTCGGTCAACTGC-1,0.844916178111954,1.62616683511604,1,1,True
SPF Colon DSS D12 1_AAACCCGAACGAAATC-1,-6.21180318462379,4.79607857732642,3,2,True
SPF Colon DSS D12 1_AAATGGCATGTCTTGT-1,-4.796433197136,-5.8567691895498,10,3,True
SPF Colon DSS D12 1_AAATTCCAGGTCCAAA-1,-6.12690471279152,4.52274264364112,3,1,True
SPF Colon DSS D12 1_AAATTTGCGGGTGTGG-1,-4.70564817058571,-6.11665831537377,10,3,True
SPF Colon DSS D12 1_AACCCGACAACCCGTG-1,-5.8173973427964,4.50432909993995,3,1,True
SPF Colon DSS D12 1_AACTGAGGTCAGCGTC-1,3.82359148395531,7.59990252523292,6,1,True
SPF Colon DSS D12 1_AACTGATATTAGGCCT-1,-5.42936347591408,-2.91923891039025,7,1,True
SPF Colon DSS D12 1_AACTGGGTCCCGACGT-1,-0.685384081478195,-8.39600096674096,8,1,True
SPF Colon DSS D12 1_AAGACCCAACTGAACA-1,-4.72509597408302,-5.99447976083886,10,3,True
SPF Colon DSS D12 1_AAGATTGGCGGAACGT-1,-4.31582902538307,-6.6810985657705,10,1,True
SPF Colon DSS D12 1_AAGGTATCCTAATATA-1,-4.57805369960793,-3.58261571855676,7,1,True
SPF Colon DSS D12 1_AAGTCAATTGTCGTCA-1,-4.7556788788987,-5.86429511041772,10,3,True
SPF Colon DSS D12 1_AAGTGTTTGGAGACGG-1,-2.82277225124367,-5.12857161493432,7,1,True
SPF Colon DSS D12 1_AAGTTCGGCCAACAGG-1,-4.78128121959694,-5.63795386285912,10,1,True
SPF Colon DSS D12 1_AATAACACTAGAACAA-1,-4.60800431835182,-5.70784531564843,10,2,True
SPF Colon DSS D12 1_AATACCGGAGGGCTGT-1,0.865560664062424,7.32506455449928,6,1,True
SPF Colon DSS D12 1_AATCGCGCAGAGGACT-1,-6.40402482616432,4.66961087255347,3,2,True
SPF Colon DSS D12 1_ACAGCATAGAGCCAGT-1,-1.41184126007088,-7.80612526865136,8,1,True
SPF Colon DSS D12 1_ACATCCTGGTAACTGT-1,-4.50572703945168,-6.43173657388818,10,13,True
SPF Colon DSS D12 1_ACATGGCGCCAAAGTA-1,-3.56614493000038,-7.96571646661889,10,2,True
SPF Colon DSS D12 1_ACCACCAATGTAACAA-1,-1.34558735954292,-8.32509098978173,8,2,True
SPF Colon DSS D12 1_ACCCGAGCGAAATTAC-1,-4.91673444377907,5.11581458120216,3,1,True
SPF Colon DSS D12 1_ACCCGGATGACGCATC-1,-4.94446872341164,-5.63572131128442,10,2,True
SPF Colon DSS D12 1_ACGATCATCTTGTAAA-1,-3.925086246605,-7.23208390207421,10,17,True
SPF Colon DSS D12 1_ACGCAAACTAATAGAT-1,0.476264698629303,-7.69517956705224,8,2,True
SPF Colon DSS D12 1_ACGCTAGTGATACACT-1,-3.71143721210487,-8.32171498270165,10,1,True
SPF Colon DSS D12 1_ACGGACTCTCAAAGCG-1,-4.6740228997422,-5.89675055475365,10,2,True
SPF Colon DSS D12 1_ACGTTCCGCGCTCCGT-1,-7.73070357906349,3.5583542731272,9,1,True
SPF Colon DSS D12 1_ACGTTCGCAATCAATT-1,-6.43750833141334,4.47252739934791,3,1,True
SPF Colon DSS D12 1_ACTCCAATATCATCAT-1,-2.12165163623817,5.32970942525733,3,1,True
SPF Colon DSS D12 1_AGAATTATGGATTCGA-1,-4.50654719936378,-6.48857794733178,10,5,True
SPF Colon DSS D12 1_AGAGAACCGTCTAGGA-1,-4.78013871776588,-6.02618609399926,10,8,True
SPF Colon DSS D12 1_AGAGCGTACAAGCTCG-1,0.661674512748642,-7.54251728983056,8,1,True
SPF Colon DSS D12 1_AGAGTAAACTTCACTA-1,-2.43553088771828,-7.30710612268578,8,1,True
SPF Colon DSS D12 1_AGATGATGGAGTCTGG-1,-1.19699429142006,-8.32225571603906,8,1,True
SPF Colon DSS D12 1_AGCAGAAGGAGAAAGA-1,-2.77521680461891,-7.13456736536156,10,2,True
SPF Colon DSS D12 1_AGCCCTTCTAATCCGA-1,4.83416010272972,-1.83755825491082,2,1,True
SPF Colon DSS D12 1_AGCGGGTCTGACACTC-1,-0.453736768837051,-7.88177119226586,8,1,True
SPF Colon DSS D12 1_AGGAAGCTGTCCGCCG-1,-4.63867114650734,-6.21206198663842,10,1,True
SPF Colon DSS D12 1_AGGATATAGGGATTTA-1,-5.15956662761696,-3.14768253297936,7,1,True
SPF Colon DSS D12 1_AGGCCCTAGAACGCCA-1,0.460559291963501,-7.78274022073876,8,1,True
SPF Colon DSS D12 1_AGGCTTAAGTTGCACA-1,4.65072323215477,7.14505185155738,6,1,True
SPF Colon DSS D12 1_AGGCTTCCCGAAGAAG-1,-6.08057664501198,-2.29328595132958,7,1,True
SPF Colon DSS D12 1_AGGTAACCTCCTATTC-1,-2.05822991001137,-7.93834458322655,8,1,True
SPF Colon DSS D12 1_AGGTTACACCATGCCG-1,-6.26877950298317,4.77816046743262,3,2,True
SPF Colon DSS D12 1_AGTAGAAGGCGCCTCA-1,-5.41634582149513,5.27145184545387,3,2,True
SPF Colon DSS D12 1_AGTAGCGTGAACGAAC-1,1.41021992099754,7.43225945501197,6,1,True
SPF Colon DSS D12 1_AGTATGCTGGAGACCA-1,-4.81128095256813,4.44363345174659,3,2,True
SPF Colon DSS D12 1_AGTGAACAAACTTCTC-1,-4.48032115566261,-6.44185839624535,10,1,True
SPF Colon DSS D12 1_AGTGCTAAACACAGCA-1,-1.73890339004524,-5.61039696664941,8,2,True
SPF Colon DSS D12 1_AGTGGCGGCAATTTGA-1,-3.96426890956886,-8.52609644861352,10,1,True
SPF Colon DSS D12 1_AGTTAAACACTTGCGA-1,-0.806161032791214,-7.73055134744775,8,2,True
SPF Colon DSS D12 1_AGTTATTGAAAGGTAA-1,1.04563982618324,7.18368567495216,6,1,True
SPF Colon DSS D12 1_AGTTTCGCAGGTCGGA-1,-3.93793104755409,-7.21146260233056,10,1,True
SPF Colon DSS D12 1_ATAATCTTGGAGAACC-1,-4.63993667232521,-6.04321061105859,10,1,True
SPF Colon DSS D12 1_ATACGTTATGCACGGA-1,-1.04910288917549,-5.13297329874169,8,1,True
SPF Colon DSS D12 1_ATACTACCCGTACCAC-1,-5.8236024247361,5.23140801458228,3,1,True
SPF Colon DSS D12 1_ATAGACAACGGGACCT-1,-4.53403924571999,-6.39577971429955,10,5,True
SPF Colon DSS D12 1_ATAGAGTTATCAACTT-1,-3.73574756252296,-8.30327330560815,10,1,True
SPF Colon DSS D12 1_ATAGGCGGCTATAGAA-1,-4.7208831177903,-5.42815600366723,10,4,True
SPF Colon DSS D12 1_ATAGTCTTTGACGTGC-1,0.124140596215649,-8.47349368066918,8,1,True
SPF Colon DSS D12 1_ATAGTTCCACCCACTC-1,-4.55967639553078,-6.38710938425195,10,8,True
SPF Colon DSS D12 1_ATATGTCTCCCTAGCC-1,-5.05275033580788,-5.27790699930322,10,3,True
SPF Colon DSS D12 1_ATATTGCTGTCAAAGT-1,-0.075260387535171,-7.45999442072045,8,1,True
SPF Colon DSS D12 1_ATCAAACACTGTTCCA-1,-1.36143003570564,-7.72290764780175,8,1,True
SPF Colon DSS D12 1_ATCAAACGAAGGTTTG-1,-4.54846690761574,-6.35547362299096,10,2,True
SPF Colon DSS D12 1_ATCACTTCATCCTCGC-1,-2.7176089154435,-4.67870198221337,7,1,True
SPF Colon DSS D12 1_ATCATCTGCCCAGTGT-1,2.87701083553307,7.80265416173804,6,1,True
SPF Colon DSS D12 1_ATCCACATCGACAGAA-1,-3.76999233829506,-7.62063561411034,10,6,True
SPF Colon DSS D12 1_ATCTGTAATTGTACCC-1,-4.9413249360276,-5.15073548288476,7,1,True
SPF Colon DSS D12 1_ATTACTTACTGGGCAT-1,-6.48365090953834,4.43250025777686,3,1,True
SPF Colon DSS D12 1_ATTCGCAGAGGACACT-1,3.9456949366378,6.43675364522803,6,1,True
SPF Colon DSS D12 1_ATTGACGTAACTCGGT-1,4.5694000853347,-1.44339071245324,2,1,True
SPF Colon DSS D12 1_ATTGATGAGTCCTAAC-1,-4.4429814683152,-6.5189572426809,10,8,True
SPF Colon DSS D12 1_ATTGTACAACTCGGCT-1,-3.524220930214,-8.06859408350121,10,2,True
SPF Colon DSS D12 1_ATTTACTAAGTCCATT-1,-6.47276567089088,4.18502320318092,3,1,True
SPF Colon DSS D12 1_CAAATCTCTCACAAGG-1,0.159845842246933,-8.23435412378442,8,1,True
SPF Colon DSS D12 1_CAAATTGTCAGCAAGC-1,-4.74296306240089,-5.99874316187035,10,3,True
SPF Colon DSS D12 1_CAACTGCTCATCCGAT-1,-4.71933864223488,-5.58407174081933,10,3,True
SPF Colon DSS D12 1_CAATGAGGTTCGACTA-1,6.24553371799461,-2.9108565899862,5,1,True
SPF Colon DSS D12 1_CACACAGCTTGCGCTC-1,-6.13751195537575,4.80423296956886,3,1,True
SPF Colon DSS D12 1_CACCCAAATCTTATGT-1,-1.54612802135475,-8.2410408112539,8,1,True
SPF Colon DSS D12 1_CACCGCGTCCACTCTA-1,6.70373941791527,-3.19652329416405,5,1,True
SPF Colon DSS D12 1_CACCGTTGCGCGATAT-1,-0.458775983924942,-8.01739130945336,8,1,True
SPF Colon DSS D12 1_CAGACCTGTAAGTGTT-1,-3.52279399501808,-7.9974990937246,10,1,True
SPF Colon DSS D12 1_CAGCTCGACAAGTTAA-1,-4.78729079830177,-5.77889691324364,10,1,True
SPF Colon DSS D12 1_CAGCTCGTGCTTGTGT-1,-3.04373549091347,-5.1238361451162,7,2,True
SPF Colon DSS D12 1_CAGTGAATAAATGACT-1,-4.90268205272682,-4.58973799677026,7,1,True
SPF Colon DSS D12 1_CATACACGGTTCCCAC-1,-1.0453265773011,-6.12906037302148,8,1,True
SPF Colon DSS D12 1_CATAGTCCACAAGAAC-1,-2.59567760097511,-7.47506724329125,8,3,True
SPF Colon DSS D12 1_CATCGCCCGCGGCCAA-1,-0.720859871978836,-7.35084305734765,8,1,True
SPF Colon DSS D12 1_CATGACTTCGCTGAAT-1,-1.23716257678993,-8.33989010782372,8,4,True
SPF Colon DSS D12 1_CATGCGACCAGTTTAA-1,-3.96391461956032,-8.53020106287133,10,1,True
SPF Colon DSS D12 1_CATTATGCTTGTTGTG-1,-1.48701821434029,-5.94908247919213,8,1,True
SPF Colon DSS D12 1_CATTCACTGACAGCTA-1,-5.39167045223244,4.76146163015235,3,1,True
SPF Colon DSS D12 1_CCACAGTACCCATCCT-1,-8.4045441018296,2.13820399312843,7,1,True
SPF Colon DSS D12 1_CCACGGTGCCCGGTAG-1,-1.05517970191963,-8.39911566705834,8,1,True
SPF Colon DSS D12 1_CCATCTCACCAGTGAA-1,-4.98706124889381,-5.08376561136376,7,1,True
SPF Colon DSS D12 1_CCCGGGTCGTTCAGGG-1,0.433356596355362,-7.56045304269921,8,1,True
SPF Colon DSS D12 1_CCCTCATTCTGGAATT-1,-0.529368268127517,-5.75479994745385,8,1,True
SPF Colon DSS D12 1_CCCTGAAATGAGTTGA-1,-5.27802775966652,-1.84615300626885,7,1,True
SPF Colon DSS D12 1_CCGAGGGATGTTAGGC-1,-5.25027059185036,5.16227091817725,3,2,True
SPF Colon DSS D12 1_CCGATCTCAACCTTAT-1,-4.77008746730812,-6.03029166193139,10,5,True
SPF Colon DSS D12 1_CCGCCACCACAATCCA-1,-3.4584569798661,4.87147320775855,3,1,True
SPF Colon DSS D12 1_CCGCCGGTCAACACAC-1,-4.29202102291115,-6.39899931879174,10,2,True
SPF Colon DSS D12 1_CCGGCACGACCGTTTC-1,-6.17081235515602,3.63399638204444,3,2,True
SPF Colon DSS D12 1_CCGGCGCATATTGGAT-1,-4.82932733165749,-5.99272404642236,10,3,True
SPF Colon DSS D12 1_CCGGTAATGGCTAGTC-1,-6.17211602794655,4.67804802923072,3,2,True
SPF Colon DSS D12 1_CCGTGAGGCATTCATG-1,4.20378376377098,-0.084434077454918,2,1,True
SPF Colon DSS D12 1_CCGTTTCCTTTCCGTG-1,2.32598401439659,7.76688756017554,6,1,True
SPF Colon DSS D12 1_CCTACATTCACAGACG-1,-1.98103974926002,-8.07456360788476,8,1,True
SPF Colon DSS D12 1_CCTCACCTTAGCATCG-1,-3.79086469280251,-8.49903880090844,10,1,True
SPF Colon DSS D12 1_CCTCGCGCTGTGCGAT-1,-5.72532771694191,-2.60028658838403,7,1,True
SPF Colon DSS D12 1_CGACAATTTGATCTAA-1,-5.58117269145973,-2.88204894991051,7,1,True
SPF Colon DSS D12 1_CGAGCTGGGCTTTAGG-1,-6.20594476329811,-2.2384841296209,7,1,True
SPF Colon DSS D12 1_CGAGTACTAAAGAGGA-1,-4.85437749492653,-4.57666502924096,7,1,True
SPF Colon DSS D12 1_CGCCCAGCACGCCTAG-1,-4.49375413524635,-5.50289402933251,10,1,True
SPF Colon DSS D12 1_CGCCCGCTTCCGTACA-1,-5.77729295360573,-2.43960200281274,7,1,True
SPF Colon DSS D12 1_CGCCTTTAGCATGCTC-1,-2.43881677257545,3.57119025258887,9,1,True
SPF Colon DSS D12 1_CGCGAAGTGGCATACT-1,-5.70222304927834,5.37450303106178,3,1,True
SPF Colon DSS D12 1_CGCTAGAGACCGCTGC-1,-4.87190650569923,-5.8954859826101,10,6,True
SPF Colon DSS D12 1_CGCTGTGTGGATGTTG-1,-1.1359791623307,-7.87948714227807,8,1,True
SPF Colon DSS D12 1_CGGAAAGAATCAAACG-1,-4.76148103343971,-5.90579663248193,10,1,True
SPF Colon DSS D12 1_CGGTCCGTCGCAAGCC-1,0.578435553436203,-7.48032580347192,8,1,True
SPF Colon DSS D12 1_CGGTTATCCAACAGTG-1,-3.52350591289528,-8.07407294244897,10,1,True
SPF Colon DSS D12 1_CGTAGCGAATTGTCAG-1,-4.72979615795143,-4.57441864938866,7,1,True
SPF Colon DSS D12 1_CGTAGCGCCGACGTTG-1,-3.41442392932899,-3.12222062082421,7,1,True
SPF Colon DSS D12 1_CGTTGTAAGATTGATT-1,-3.57777689563759,1.95418323545325,0,2,True
SPF Colon DSS D12 1_CGTTTAAGCGGAGCAC-1,-3.76754330265053,-7.52807103128564,10,1,True
SPF Colon DSS D12 1_CGTTTGTGTAGAGGGT-1,-4.76850150691994,-5.7277442070974,10,3,True
SPF Colon DSS D12 1_CTAACGAAACTTGCTG-1,-4.89066432582863,-6.11399565668237,10,30,True
SPF Colon DSS D12 1_CTAATTCTCAGATATT-1,-5.21889852153786,-1.66515468092095,7,2,True
SPF Colon DSS D12 1_CTACAAGAAATAACCC-1,-1.01090978252418,-7.72057591409814,8,1,True
SPF Colon DSS D12 1_CTACCCTAAGGTCATA-1,-4.85368322002418,-4.16684757204186,7,1,True
SPF Colon DSS D12 1_CTACTATCTTTCAGAG-1,-4.52054666149147,-6.42788229913842,10,28,True
SPF Colon DSS D12 1_CTATGTCTATTGAAAC-1,-1.31467257606514,-7.67657671899926,8,1,True
SPF Colon DSS D12 1_CTCGATATTTGCGAGC-1,-6.39839290248878,4.02265776662696,3,1,True
SPF Colon DSS D12 1_CTCGCCGAATGTAGGG-1,-4.94042991268166,-5.43327961893212,10,1,True
SPF Colon DSS D12 1_CTGCTGAGGCCACGAA-1,-4.65428994762428,-5.67204676599633,10,1,True
SPF Colon DSS D12 1_CTGGCGGGAATAAGTA-1,-1.91525076496132,5.58941687612403,3,1,True
SPF Colon DSS D12 1_CTGGGCCTGCTATATC-1,-3.22063993083961,-7.16084109277856,10,2,True
SPF Colon DSS D12 1_CTGGTAACGAGCTCTT-1,-3.67823194133766,-8.27653037042748,10,2,True
SPF Colon DSS D12 1_CTTAGTAGGCCTACAG-1,-3.84618519413002,-8.41800032587182,10,1,True
SPF Colon DSS D12 1_CTTAGTGTAGTAGCAT-1,-4.54544662105568,-5.87999020547997,10,1,True
SPF Colon DSS D12 1_CTTCCGCTCCGTGAAG-1,-6.06259940731056,-1.80966471166741,7,1,True
SPF Colon DSS D12 1_CTTCTATGTTGAAGTA-1,-0.12018224763401,-7.74470435114037,8,1,True
SPF Colon DSS D12 1_CTTGGCCAAGCTGGGA-1,-4.54139970409401,-6.29203806848656,10,2,True
SPF Colon DSS D12 1_GAAACCTATACAAATG-1,-4.50678514110573,-5.51053105325829,10,3,True
SPF Colon DSS D12 1_GAAAGAACAGCGTTAT-1,-3.59042905437477,-7.70853339166772,10,3,True
SPF Colon DSS D12 1_GAAATCGCGCGCAACT-1,-5.78956292736061,-2.25020323724877,7,1,True
SPF Colon DSS D12 1_GAAGAACGGTGCAGGT-1,0.0839077832298713,-7.77884112329613,8,2,True
SPF Colon DSS D12 1_GAAGCCACTGATTATG-1,-1.2009148465348,-7.61460505457055,8,1,True
SPF Colon DSS D12 1_GAAGCCTGCACATTCC-1,-4.63816379177101,-6.22206793756615,10,3,True
SPF Colon DSS D12 1_GACAAACATATGCAGG-1,-4.92567561733253,-5.58868037195336,10,4,True
SPF Colon DSS D12 1_GACAGAGGTCTTCAGT-1,3.32647396457665,7.32584752111304,6,1,True
SPF Colon DSS D12 1_GACATCCGTCGAACTG-1,-2.79280041324623,-7.37986145944726,8,5,True
SPF Colon DSS D12 1_GACCAGGTCATTCATA-1,4.53922106159203,8.33424080877174,6,1,True
SPF Colon DSS D12 1_GACCCGTCGCCGGCTA-1,-1.06157206165321,-7.75673304529321,8,1,True
SPF Colon DSS D12 1_GACTCGCGGGAATGAC-1,-3.87103174793251,-8.45862112970483,10,2,True
SPF Colon DSS D12 1_GAGCGAGGGAGTACCG-1,-4.64559529888161,-6.04156361551415,10,3,True
SPF Colon DSS D12 1_GAGCGGAATGCGGTGT-1,-5.23167728054054,3.08603014020789,3,1,True
SPF Colon DSS D12 1_GAGGATAAACAGTGCT-1,-6.2347614632798,4.58928956060279,3,1,True
SPF Colon DSS D12 1_GAGGGCGCAGCTCTGC-1,-4.83869384395607,-5.84380398721825,10,1,True
SPF Colon DSS D12 1_GAGGTACGCGTGTCCC-1,-0.612258778686599,-8.27094279260766,8,3,True
SPF Colon DSS D12 1_GAGTAGATACTAGTTG-1,-1.402066217537,-5.39328728647363,8,1,True
SPF Colon DSS D12 1_GAGTCAGACCAGAATC-1,-6.03799747097023,-2.40921913118493,7,1,True
SPF Colon DSS D12 1_GATATCTCATGCAATA-1,-3.44564603435524,-8.06053029031884,10,1,True
SPF Colon DSS D12 1_GATATTGAGATTGGCG-1,-4.35050223934181,-6.64943610162865,10,26,True
SPF Colon DSS D12 1_GCAACACACTAGAACT-1,-4.22228788005836,6.27979363469947,3,1,True
SPF Colon DSS D12 1_GCAGACCCAGCACGTA-1,-3.67952059375771,-7.6389204117788,10,1,True
SPF Colon DSS D12 1_GCAGCCTATATCACAT-1,-6.27498315441139,4.62742413549293,3,2,True
SPF Colon DSS D12 1_GCAGGACTATAGAATA-1,-3.82465432750709,-2.46183477373254,7,1,True
SPF Colon DSS D12 1_GCATTCAAGGCAACGC-1,-6.39743875133522,3.98881615667213,3,1,True
SPF Colon DSS D12 1_GCATTTCCAAGGCTCC-1,-6.32165359127052,4.31424082784522,3,1,True
SPF Colon DSS D12 1_GCCAACCATTTCCGGA-1,-4.11345981227882,-1.54169140787255,7,2,True
SPF Colon DSS D12 1_GCCAATAGGGCATCTC-1,-4.82469104396828,-3.50638066263329,7,1,True
SPF Colon DSS D12 1_GCCCGCGCGTAAACGG-1,-6.15315221416481,-2.23634909124505,7,2,True
SPF Colon DSS D12 1_GCCCTGAGGATGGGCT-1,-6.32062314617165,4.03243149785865,3,1,True
SPF Colon DSS D12 1_GCCTTCAGCCCTACCG-1,-2.7637252675248,-3.10841833086144,7,1,True
SPF Colon DSS D12 1_GCGCAAGAGCGCGCTG-1,-4.86191485988625,-5.83536158533227,10,1,True
SPF Colon DSS D12 1_GCGCATCCAGTCAGCA-1,-3.879689680214,-7.34993277521264,10,5,True
SPF Colon DSS D12 1_GCGCCTCCCACTCCGA-1,-0.609065221424179,-8.44887267084252,8,1,True
SPF Colon DSS D12 1_GCGCGTCATTGGTACA-1,-3.77038501369484,-2.99354587526452,7,1,True
SPF Colon DSS D12 1_GCGCTGCTTTGCATTT-1,-3.82229708301552,-7.45645962686669,10,5,True
SPF Colon DSS D12 1_GCGGTCCCTAGACGCA-1,-4.28222440349586,-5.46006594629418,10,5,True
SPF Colon DSS D12 1_GCGTAAATGGCCATAA-1,-3.66245292293556,-8.2380906197561,10,2,True
SPF Colon DSS D12 1_GCTAGACCGTCTACTG-1,-3.48974536525734,-7.96240483255517,10,1,True
SPF Colon DSS D12 1_GCTCGCTCATGTCCAA-1,-5.00377772914894,-5.07871209116113,10,1,True
SPF Colon DSS D12 1_GCTTACGTAGTTAGTA-1,-6.14729045497902,4.08481682805885,3,1,True
SPF Colon DSS D12 1_GCTTGGATCGATTAGG-1,-4.23099635707863,-6.79882203073632,10,7,True
SPF Colon DSS D12 1_GGACTCGTGAGTGGTC-1,-1.02608440982826,-8.09613953561913,8,1,True
SPF Colon DSS D12 1_GGATCAAAGGACGAGG-1,4.83958174121849,8.23337067632545,6,1,True
SPF Colon DSS D12 1_GGATCTTGACTCAACC-1,-2.45996426212318,5.65817679433692,3,1,True
SPF Colon DSS D12 1_GGATTAATCATGGACC-1,5.2992904318618,7.65471066503394,6,2,True
SPF Colon DSS D12 1_GGATTGCTGTGACTCC-1,-4.53802703487404,-5.6648107621206,10,3,True
SPF Colon DSS D12 1_GGCTCGCGTTGAGGTA-1,-5.02333186733253,-5.27718792886864,10,2,True
SPF Colon DSS D12 1_GGCTTTCAATAAGGGT-1,-4.78802274333961,-5.79817019434106,10,1,True
SPF Colon DSS D12 1_GGGATACGGTAATAAT-1,-3.11062668430336,-5.28642950983178,11,1,True
SPF Colon DSS D12 1_GGGCAACCGCACGTGC-1,-4.21734737026222,6.20588816671241,3,1,True
SPF Colon DSS D12 1_GGGTGGTCCAGCCTGT-1,0.414912535076066,-8.46263800592553,8,1,True
SPF Colon DSS D12 1_GGTAACTATGTATCTG-1,-0.565983639831619,-8.17910634012353,8,3,True
SPF Colon DSS D12 1_GGTCGGTCGTCCACAG-1,-5.79650806056984,-2.13627801866662,7,1,True
SPF Colon DSS D12 1_GGTTACCACCCTCGGG-1,-4.59362910854347,-5.95415745706689,10,2,True
SPF Colon DSS D12 1_GGTTTAATTGAGCAGG-1,3.96993090045921,6.13775862722266,6,1,True
SPF Colon DSS D12 1_GGTTTAGCCTTTCTTG-1,-4.33369325267799,-6.59246932001244,10,1,True
SPF Colon DSS D12 1_GTAATAAAGGGCTCCC-1,-3.80625675785072,-8.41646300287377,10,2,True
SPF Colon DSS D12 1_GTAGTTCGAAGGCGAA-1,-2.20826243030556,1.06169868974555,0,1,True
SPF Colon DSS D12 1_GTCACAAAGTTTCCAA-1,-0.391910807962493,-7.83476839990746,8,2,True
SPF Colon DSS D12 1_GTCCCGCGACGTTATG-1,-3.93100403415688,-3.10977207155358,7,1,True
SPF Colon DSS D12 1_GTCCGGGTTCACATTA-1,-5.70006488430031,5.17090977697242,3,1,True
SPF Colon DSS D12 1_GTCGCCGTTGTGTGTT-1,-3.99904321300514,-7.01077710123193,10,2,True
SPF Colon DSS D12 1_GTCTGTAGGTTGAACA-1,4.91953255069725,7.15292681722511,6,1,True
SPF Colon DSS D12 1_GTGACAGCTTCCCACT-1,-4.11089109050758,-6.79893504114281,10,1,True
SPF Colon DSS D12 1_GTGACGAGGGTGACCC-1,-3.61684201824196,-1.35325120420586,7,1,True
SPF Colon DSS D12 1_GTGACGCAGGTTTCAT-1,-1.19690059291847,-7.90410481424462,8,1,True
SPF Colon DSS D12 1_GTGCGACAGGGAGTGT-1,-4.90009378063209,-5.93304692239892,10,10,True
SPF Colon DSS D12 1_GTGGAGCATGTCGGCC-1,4.187697662239,-2.04667852850091,2,1,True
SPF Colon DSS D12 1_GTGGAGTCGGCGGTTG-1,-4.44610665905006,-6.51914177866113,10,3,True
SPF Colon DSS D12 1_GTGGCTGTTTCTGTTC-1,3.83545090091698,-0.228217467976921,2,1,True
SPF Colon DSS D12 1_GTGGTTTCCGCCTTTC-1,-4.30731509792335,-5.60994444818627,10,3,True
SPF Colon DSS D12 1_GTTAAGGGTGCGATGT-1,-4.69256948101051,-5.98251591653954,10,1,True
SPF Colon DSS D12 1_GTTAGCCGTAAATCAA-1,-6.39863751995094,4.55798043279517,3,1,True
SPF Colon DSS D12 1_GTTATAATACGGTGAA-1,0.0913548601912694,-8.35607825250756,8,1,True
SPF Colon DSS D12 1_GTTCCCGTAAACATAT-1,4.75247265232079,-1.52027009458672,2,1,True
SPF Colon DSS D12 1_TAAATGAATCCGTTTC-1,0.819075776462479,-7.01545868845116,8,1,True
SPF Colon DSS D12 1_TAACCTACCGTCCGAG-1,-3.65212129222877,-8.18843852014672,10,4,True
SPF Colon DSS D12 1_TAACTATTACGCCAAA-1,-6.63036368953712,3.17699708013404,9,3,True
SPF Colon DSS D12 1_TAAGGCATAACATCAA-1,-5.00686143505104,-3.71231018037926,7,1,True
SPF Colon DSS D12 1_TAATCGATCCGTACGT-1,-3.9169907437516,-8.51193057031762,10,1,True
SPF Colon DSS D12 1_TACCGCGGACTTGCAG-1,-4.87720702754982,-5.87734709711205,10,3,True
SPF Colon DSS D12 1_TACGCCTCCATTCCGA-1,0.659215403919144,-8.14848338098657,8,1,True
SPF Colon DSS D12 1_TACGCTCCTAGAACTG-1,1.08556462657921,7.27110137014259,6,1,True
SPF Colon DSS D12 1_TACGGAAGCCAAACCA-1,-6.01166699993141,4.93480862645972,3,2,True
SPF Colon DSS D12 1_TACTATGGTTCCTCAG-1,-4.98960708248146,-5.30328808756005,10,1,True
SPF Colon DSS D12 1_TACTCTTTCGTCTTCA-1,-4.02689860927589,-6.87484417886864,10,1,True
SPF Colon DSS D12 1_TACTGCAATCAATTAC-1,-6.52244304286964,4.27395524053443,3,1,True
SPF Colon DSS D12 1_TACTTTACTGAGCCGG-1,-4.22976087200172,-6.80314742059838,10,7,True
SPF Colon DSS D12 1_TAGACGAAACGCCAAT-1,-3.75700305568703,-7.46926699609887,10,1,True
SPF Colon DSS D12 1_TAGACGCCCGTACCGG-1,-5.51277993785866,-3.02436076135766,7,1,True
SPF Colon DSS D12 1_TAGGGAGCTTGGGATG-1,-4.8562967644883,-4.10330639810693,7,1,True
SPF Colon DSS D12 1_TAGGTGTTCCACAGAT-1,-4.87406228649147,-5.81400309534203,10,1,True
SPF Colon DSS D12 1_TAGTTTATTCTTGCTT-1,-3.8904707299424,-7.27573357553613,10,1,True
SPF Colon DSS D12 1_TATAGATGGTCGCAGT-1,-4.64940427410133,-6.1940117928518,10,5,True
SPF Colon DSS D12 1_TATATAGGGCTTTACG-1,-7.61500953304298,3.71587456731666,9,1,True
SPF Colon DSS D12 1_TATATCCCTGGGAGGA-1,-5.01936648952492,-5.31124840707909,10,1,True
SPF Colon DSS D12 1_TATCCTATCAACTGGT-1,-5.6323764191819,3.96433581380714,3,1,True
SPF Colon DSS D12 1_TATGATAAATCTAACG-1,-6.4649598466111,4.41764630346168,3,1,True
SPF Colon DSS D12 1_TATTAACCTGACCGCG-1,-4.77549861537941,-6.1139336678518,10,2,True
SPF Colon DSS D12 1_TATTACCATCCTGCTT-1,-4.9781901704026,-3.66911898584496,7,1,True
SPF Colon DSS D12 1_TCAACACATTGGGTAA-1,2.83477283847801,7.85066403417457,6,1,True
SPF Colon DSS D12 1_TCAACCATGTTCGGGC-1,-0.519227372284011,-8.37216673822534,8,1,True
SPF Colon DSS D12 1_TCACCGCTCGGCACTC-1,-4.97877858745583,-5.52295790643822,10,7,True
SPF Colon DSS D12 1_TCAGTACTGACCCGCG-1,4.66660620105736,-0.368418535528892,2,1,True
SPF Colon DSS D12 1_TCATTTAAGTCTCCGA-1,-4.9359915124131,-5.77023421259057,10,12,True
SPF Colon DSS D12 1_TCCAAGCCTAGACACA-1,-3.26058982479103,1.34597684411872,7,1,True
SPF Colon DSS D12 1_TCCAATAAAGGCTACC-1,0.508526100044175,-7.49323950739037,8,1,True
SPF Colon DSS D12 1_TCCACATCGTATATTG-1,-5.62216638195045,4.87412203817237,3,1,True
SPF Colon DSS D12 1_TCCAGGGTATATACGA-1,-3.69265936481483,-7.02606116266381,10,4,True
SPF Colon DSS D12 1_TCCCACGGAGGGAGCT-1,1.58883680236809,7.22043789892066,6,1,True
SPF Colon DSS D12 1_TCCCGCCTATGTGCGT-1,6.09562708271019,-2.88775096864831,5,1,True
SPF Colon DSS D12 1_TCCGGGCTTGACGGGA-1,2.73542667758934,7.91259182958472,6,1,True
SPF Colon DSS D12 1_TCCTAACCGTCGGGCA-1,0.507455064182206,-7.75728856058251,8,3,True
SPF Colon DSS D12 1_TCCTGCGTTGATACTC-1,4.68155981433861,-0.962258145524376,8,1,True
SPF Colon DSS D12 1_TCGAAGAACCGAGCAC-1,-4.88607190715797,-4.97607193918359,10,1,True
SPF Colon DSS D12 1_TCGCTACTGGCTTTGA-1,-3.27643059360512,-7.27601538629662,10,2,True
SPF Colon DSS D12 1_TCGCTTTAAACGTTTG-1,-4.3412215577317,-6.61340294809472,10,1,True
SPF Colon DSS D12 1_TCGGCGAACCCAAACC-1,-1.11104296314247,-6.13383303613793,8,1,True
SPF Colon DSS D12 1_TCGGTCCCGACAATAG-1,-4.28673337566383,4.469902410792,3,2,True
SPF Colon DSS D12 1_TCGTATAGTGCAATTA-1,-3.37193153965004,-7.35684166879784,10,7,True
SPF Colon DSS D12 1_TCTCCACAAGTTGAAT-1,-1.48502706157692,-5.48636828394067,8,1,True
SPF Colon DSS D12 1_TCTGGGAACCTTTGAA-1,-4.91955159770973,-4.77733956308495,7,1,True
SPF Colon DSS D12 1_TCTGTTACCCAGCATA-1,-4.63440726863869,-6.06240950555932,10,1,True
SPF Colon DSS D12 1_TCTTAGAGCTCCAATT-1,-1.24572752582558,-8.32346163721215,8,1,True
SPF Colon DSS D12 1_TCTTCCCATGGGCACA-1,-4.90556024181374,-5.94408188791405,10,2,True
SPF Colon DSS D12 1_TCTTTAAGACTATGAA-1,-4.91859792339333,-5.82629929514062,10,8,True
SPF Colon DSS D12 1_TCTTTAGAGTCTAACA-1,-5.98636268245705,4.87000788717139,3,1,True
SPF Colon DSS D12 1_TCTTTAGCAGGCGAAC-1,-3.06627009975441,-1.49640701742303,7,1,True
SPF Colon DSS D12 1_TGAATGTCAGCCGGCC-1,-0.619448290939407,-8.35801135034692,8,1,True
SPF Colon DSS D12 1_TGACATCGAGCGGACC-1,-4.25673555004127,-6.72300921411645,10,1,True
SPF Colon DSS D12 1_TGACGATGCACTAGAA-1,-5.04965518581398,-3.40287958116662,7,1,True
SPF Colon DSS D12 1_TGAGATCAAATACTCA-1,-0.546170042629318,-8.30409346552026,8,1,True
SPF Colon DSS D12 1_TGAGGAGTGCCAGCTT-1,-4.2749693261338,-3.09689413042199,7,1,True
SPF Colon DSS D12 1_TGATCCCAGCATTAGT-1,-6.44491265880592,4.35284508733619,3,1,True
SPF Colon DSS D12 1_TGCAGAGTACCGAGCA-1,-0.0313778238249583,-7.34345875711572,8,1,True
SPF Colon DSS D12 1_TGCGGACTTGACTCCG-1,-6.25418447124489,4.43581618337501,3,2,True
SPF Colon DSS D12 1_TGCGTCATGACTGAGC-1,-5.28160832988747,4.95538987188209,3,1,True
SPF Colon DSS D12 1_TGCTCTTGAGAGTTTG-1,-4.61189054119118,-6.23984871835839,10,4,True
SPF Colon DSS D12 1_TGGAAGGATAAAGATG-1,-2.93582914936073,-4.7191730591787,7,1,True
SPF Colon DSS D12 1_TGGCTATGTGACATAC-1,-4.60036586391457,-5.63104115457665,10,1,True
SPF Colon DSS D12 1_TGGTAGAATATATGGG-1,-4.51686404811867,-5.45179425211083,10,4,True
SPF Colon DSS D12 1_TGTCTACAGTTTCTGT-1,-0.161916510934905,-7.9486619088186,8,1,True
SPF Colon DSS D12 1_TTAAACTCGAATTCAT-1,-4.80744098293312,-6.02328978510033,10,4,True
SPF Colon DSS D12 1_TTAACGTCGCAAGACC-1,-0.946051584358291,-8.05127583475243,8,1,True
SPF Colon DSS D12 1_TTAATTGCTTTGGGTG-1,-3.74349497425087,-7.49614296884667,10,1,True
SPF Colon DSS D12 1_TTACATGCCACAACTA-1,-3.77867339717873,-7.5377675148977,10,7,True
SPF Colon DSS D12 1_TTACGGATGGTTCGAG-1,-4.86948894130714,-3.8974288556112,7,2,True
SPF Colon DSS D12 1_TTACTCTGGTACGTAC-1,-1.08090780841835,-7.71096621484887,8,2,True
SPF Colon DSS D12 1_TTACTGTCTAGAGCTC-1,-3.45130656826027,6.06197251348365,3,1,True
SPF Colon DSS D12 1_TTAGTTCAAGTGTTCG-1,6.5138843191909,-2.89193044633996,5,1,True
SPF Colon DSS D12 1_TTATAGGTAATTGTCT-1,-4.79758666622169,-5.99916563959252,10,4,True
SPF Colon DSS D12 1_TTCCGCAGAGAAATAT-1,-5.38912891017921,-1.11713837118279,0,1,True
SPF Colon DSS D12 1_TTCGCACTGTACGACA-1,-4.53492711650856,-6.3509040925039,10,8,True
SPF Colon DSS D12 1_TTCGGGCGCTAGTCTT-1,-1.85368107425697,-7.9566227051748,8,1,True
SPF Colon DSS D12 1_TTCTGCTAGACTCCAA-1,-7.35567735301979,3.16763748197425,9,2,True
SPF Colon DSS D12 1_TTCTTATCCGCTGGGT-1,-1.8153051005555,-5.47150813074242,8,1,True
SPF Colon DSS D12 1_TTCTTTGGTCGCGACG-1,-4.13652251827248,-1.27880005569588,7,1,True
SPF Colon DSS D12 1_TTGACATGAACGTGGA-1,-4.54576753246315,-5.68956099481713,10,2,True
SPF Colon DSS D12 1_TTGACCGTGTTAATGA-1,-4.62434552776344,-6.2179523560537,10,1,True
SPF Colon DSS D12 1_TTGACGCTCCATGAGC-1,-4.71166823970802,-5.97008048029076,10,7,True
SPF Colon DSS D12 1_TTGAGGCATTTAACTC-1,-3.9267928467942,6.13721598653663,3,1,True
SPF Colon DSS D12 1_TTGATGTGTAGTCCCG-1,-3.9170226918412,-8.5113478753103,10,1,True
SPF Colon DSS D12 1_TTGATTAGCTGTTTCT-1,-4.73333381282814,-5.7544776055349,10,1,True
SPF Colon DSS D12 1_TTGCCAAGCAGAACCC-1,-6.31965612041481,4.66592921285499,3,1,True
SPF Colon DSS D12 1_TTGGATCGACTTCTGG-1,-1.22131703960426,-5.72900448770654,8,3,True
SPF Colon DSS D12 1_TTGGCTCGCATGAGAC-1,4.35136152637474,0.128237887905723,2,1,True
SPF Colon DSS D73 1_GGTGCTGATCACAAAG-1,-4.33931563961037,5.30633105306495,3,1,True
SPF Colon DSS D73 1_GTCGGATATCTCAGAC-1,-2.61454366313942,-2.15341292352807,7,1,True
